target,official_name,metric_id,entity,periodicity,url,unit,max_days,filter_name,status,evidence_file,evidence,output_domain,start_date,end_date,entity_source,notes
demanda_sin_diaria,Demanda Energia SIN por Sistema,DemaSIN,Sistema,DailyEntities,https://servapibi.xm.com.co/daily,kWh,31,No aplica,FOUND_EXACT,D:\Proyectos\minenergia\xm_validation-main\data\catalogos\maestros\ListadoMetricas.xlsx,"Demanda del SIN, la cual se calcula con base en la generacion neta de las plantas e incluye: hidraulicas, termicas, plantas menores, cogeneradores , solares, eolicas, demanda no atendida, limitacion d",demanda,2023-01-01,2026-07-13,system,
demanda_real_sistema_horaria,Demanda Real por Sistema,DemaReal,Sistema,HourlyEntities,https://servapibi.xm.com.co/hourly,kWh,31,No aplica,FOUND_EXACT,D:\Proyectos\minenergia\xm_validation-main\data\catalogos\maestros\ListadoMetricas.xlsx,Demanda de usuarios regulados y no regulados que hacen parte del Sistema Interconectado Nacional (no incluye Alumbrado Público),demanda,2023-01-01,2026-07-13,system,Demanda real horaria; DemaSIN diaria se usa como referencia principal de SIN.
generacion_real_por_recurso,Generación por Recurso,Gene,Recurso,HourlyEntities,https://servapibi.xm.com.co/hourly,kWh,31,Codigo Submercado Generación,FOUND_EXACT,D:\Proyectos\minenergia\xm_validation-main\data\catalogos\maestros\ListadoMetricas.xlsx,Generacion neta de cada una de las plantas Nacionales en sus puntos de frontera.,generacion,2023-01-01,2026-07-13,central_hydrothermal_resources,
generacion_real_total,Generación por Sistema,Gene,Sistema,HourlyEntities,https://servapibi.xm.com.co/hourly,kWh,31,No aplica,FOUND_EXACT,D:\Proyectos\minenergia\xm_validation-main\data\catalogos\maestros\ListadoMetricas.xlsx,Generacion neta de cada una de las plantas Nacionales en sus puntos de frontera.,generacion,2023-01-01,2026-07-13,system,
listado_recursos,Listado Recursos con atributos por Sistema,ListadoRecursos,Sistema,ListsEntities,https://servapibi.xm.com.co/list,,731,No aplica,FOUND_EXACT,D:\Proyectos\minenergia\xm_validation-main\data\catalogos\maestros\ListadoMetricas.xlsx,Listado de recursos con sus atributos y que se encuentran en operación comercial  y pruebas conectados al Sistema Interconectado Nacional SIN,recursos,,,list,El listado trae atributos; la capacidad efectiva neta se obtiene con CapEfecNeta.
capacidad_efectiva_neta_recurso,Capacidad Efectiva Neta por Recurso,CapEfecNeta,Recurso,DailyEntities,https://servapibi.xm.com.co/daily,kW,31,Codigo Submercado Generación,FOUND_EXACT,D:\Proyectos\minenergia\xm_validation-main\data\catalogos\maestros\ListadoMetricas.xlsx,Máxima cantidad de potencia neta que puede suministrar una unidad de generación en condiciones normales de operación. Incluye las menores y cogeneradores,recursos,2023-01-01,2026-07-13,central_hydrothermal_resources,
disponibilidad_real_recurso,Disponibilidad Real por Recurso,DispoReal,Recurso,HourlyEntities,https://servapibi.xm.com.co/hourly,kW,31,Codigo Submercado Generación,FOUND_EXACT,D:\Proyectos\minenergia\xm_validation-main\data\catalogos\maestros\ListadoMetricas.xlsx,"Disponibilidad promedio calculada a partir de la fecha de los eventos que modifican la disponibilidad de las unidades de generacion de los generadores, asi como de la disponibilidad reportada al Centr",disponibilidad,2023-01-01,2026-07-13,central_hydrothermal_resources,
disponibilidad_comercial_recurso,Disponibilidad Comercial por Recurso,DispoCome,Recurso,HourlyEntities,https://servapibi.xm.com.co/hourly,kW,31,Codigo Submercado Generación,FOUND_EXACT,D:\Proyectos\minenergia\xm_validation-main\data\catalogos\maestros\ListadoMetricas.xlsx,"Considera la declaración de disponibilidad de los generadores, modificada cuando se presentan cambios en las unidades de generación en operación real del Sistema",disponibilidad,2023-01-01,2026-07-13,central_hydrothermal_resources,
disponibilidad_declarada_recurso,Disponibilidad Declarada por Recurso,DispoDeclarada,Recurso,HourlyEntities,https://servapibi.xm.com.co/hourly,kWh,31,Codigo Submercado Generación,FOUND_EXACT,D:\Proyectos\minenergia\xm_validation-main\data\catalogos\maestros\ListadoMetricas.xlsx,"Máxima cantidad de potencia neta que un generador puede suministrar al sistema durante el intervalo de tiempo determinado para el despacho económico o el redespacho, reportada diariamente en la oferta",disponibilidad,2023-01-01,2026-07-13,central_hydrothermal_resources,Catalogo reporta kWh aunque la descripcion habla de potencia neta; validar esquema antes de usar como MW/kW.
volumen_util_energia_sin,Volumen Útil diario Energía por Sistema,VoluUtilDiarEner,Sistema,DailyEntities,https://servapibi.xm.com.co/daily,kWh,31,No aplica,FOUND_EXACT,D:\Proyectos\minenergia\xm_validation-main\data\catalogos\maestros\ListadoMetricas.xlsx,"Volumen almacenado por encima del Nivel Minimo Tecnico, reportado diariamente por los agentes. En % corresponde a la relacion entre el Volumen Util Diario y la Capacidad Util del Embalse",embalses,2010-01-01,2026-07-13,system,
volumen_util_energia_embalse,Volumen Útil diario Energía por Embalse,VoluUtilDiarEner,Embalse,DailyEntities,https://servapibi.xm.com.co/daily,kWh,31,Nombre Embalse,FOUND_EXACT,D:\Proyectos\minenergia\xm_validation-main\data\catalogos\maestros\ListadoMetricas.xlsx,"Volumen almacenado por encima del Nivel Minimo Tecnico, reportado diariamente por los agentes. En % corresponde a la relacion entre el Volumen Util Diario y la Capacidad Util del Embalse",embalses,2010-01-01,2026-07-13,active_embalse_names,
capacidad_util_energia_sin,Capacidad Útil Energía por Sistema,CapaUtilDiarEner,Sistema,DailyEntities,https://servapibi.xm.com.co/daily,kWh,31,No aplica,FOUND_EXACT,D:\Proyectos\minenergia\xm_validation-main\data\catalogos\maestros\ListadoMetricas.xlsx,"Corresponde al Volumen Útil del Embalse, que se define como el volumen almacenado entre el nivel Mínimo Técnico y el Nivel Máximo Físico",embalses,2010-01-01,2026-07-13,system,
capacidad_util_energia_embalse,Capacidad Útil Energía por Embalse,CapaUtilDiarEner,Embalse,DailyEntities,https://servapibi.xm.com.co/daily,kWh,31,Nombre Embalse,FOUND_EXACT,D:\Proyectos\minenergia\xm_validation-main\data\catalogos\maestros\ListadoMetricas.xlsx,"Corresponde al Volumen Útil del Embalse, que se define como el volumen almacenado entre el nivel Mínimo Técnico y el Nivel Máximo Físico",embalses,2010-01-01,2026-07-13,active_embalse_names,
aportes_energia_sin,Aportes  Energía por Sistema,AporEner,Sistema,DailyEntities,https://servapibi.xm.com.co/daily,kWh,31,No aplica,FOUND_EXACT,D:\Proyectos\minenergia\xm_validation-main\data\catalogos\maestros\ListadoMetricas.xlsx,Caudales en energia de los rios que aportan agua a algun embalse del SIN,aportes,2010-01-01,2026-07-13,system,
aportes_energia_rio,Aportes  Energía por Rio,AporEner,Rio,DailyEntities,https://servapibi.xm.com.co/daily,kWh,31,Nombre Río,FOUND_EXACT,D:\Proyectos\minenergia\xm_validation-main\data\catalogos\maestros\ListadoMetricas.xlsx,Caudales en energia de los rios que aportan agua a algun embalse del SIN,aportes,2010-01-01,2026-07-13,active_rio_names,
importaciones_energia_sistema,Importaciones Energía por Sistema,ImpoEner,Sistema,HourlyEntities,https://servapibi.xm.com.co/hourly,kWh,31,No aplica,FOUND_EXACT,D:\Proyectos\minenergia\xm_validation-main\data\catalogos\maestros\ListadoMetricas.xlsx,Transferencias de Energia desde otros paises para abastecer la demanda nacional,intercambios,2023-01-01,2026-07-13,system,
exportaciones_energia_sistema,Exportaciones Energía por Sistema,ExpoEner,Sistema,HourlyEntities,https://servapibi.xm.com.co/hourly,kWh,31,No aplica,FOUND_EXACT,D:\Proyectos\minenergia\xm_validation-main\data\catalogos\maestros\ListadoMetricas.xlsx,Transferencias de Energia desde Colombia hacia otros paises,intercambios,2023-01-01,2026-07-13,system,
escenario_demanda_upme_alto,Demanda de Energia Proyectada UPME Escenario Alto por Sistema,EscDemUPMEAlto,Sistema,MonthlyEntities,https://servapibi.xm.com.co/monthly,kWh,731,No aplica,FOUND_EXACT,D:\Proyectos\minenergia\xm_validation-main\data\catalogos\maestros\ListadoMetricas.xlsx,proyecciones de demanda de energía realizada por la UPME ,demanda,2023-01-01,2026-07-13,system,
escenario_demanda_upme_medio,Demanda de Energia Proyectada UPME Escenario Medio por Sistema,EscDemUPMEMedio,Sistema,MonthlyEntities,https://servapibi.xm.com.co/monthly,kWh,731,No aplica,FOUND_EXACT,D:\Proyectos\minenergia\xm_validation-main\data\catalogos\maestros\ListadoMetricas.xlsx,proyecciones de demanda de energía realizada por la UPME,demanda,2023-01-01,2026-07-13,system,
escenario_demanda_upme_bajo,Demanda de Energia Proyectada UPME Escenario Bajo por Sistema,EscDemUPMEBajo,Sistema,MonthlyEntities,https://servapibi.xm.com.co/monthly,kWh,731,No aplica,FOUND_EXACT,D:\Proyectos\minenergia\xm_validation-main\data\catalogos\maestros\ListadoMetricas.xlsx,proyecciones de demanda de energía realizada por la UPME ,demanda,2023-01-01,2026-07-13,system,
