target,source_file,source_sha256,window_start,window_end,metric_id,records,empty_items
demanda_real_sistema_horaria,data\raw\xm\demanda\demanda_real_sistema_horaria\demanda_real_sistema_horaria__2023-01-01__2023-01-30__b001.json,60e3a78fc1300a7f7afcfc40010d328fab8cb4c838ceaa72fd05ac671d30de1d,2023-01-01,2023-01-30,DemaReal,720,False
demanda_real_sistema_horaria,data\raw\xm\demanda\demanda_real_sistema_horaria\demanda_real_sistema_horaria__2023-01-31__2023-03-01__b001.json,e78f6190e4b16b497891faecb83f9921f24e6da83cc5069282efc52397f35294,2023-01-31,2023-03-01,DemaReal,720,False
demanda_real_sistema_horaria,data\raw\xm\demanda\demanda_real_sistema_horaria\demanda_real_sistema_horaria__2023-03-02__2023-03-31__b001.json,6102824e79ae91ca20712e58ced3f679b91f3f354f2f91841b94503146c17310,2023-03-02,2023-03-31,DemaReal,720,False
demanda_real_sistema_horaria,data\raw\xm\demanda\demanda_real_sistema_horaria\demanda_real_sistema_horaria__2023-04-01__2023-04-30__b001.json,b010107a1225b9953b5ff8f62966110a383a797856f9d33a7e3c0dd5e6db35d7,2023-04-01,2023-04-30,DemaReal,720,False
demanda_real_sistema_horaria,data\raw\xm\demanda\demanda_real_sistema_horaria\demanda_real_sistema_horaria__2023-05-01__2023-05-30__b001.json,63de7599898ee2f5c098de207b9957a739ddcc9df3183750cff1202d3abe1a2f,2023-05-01,2023-05-30,DemaReal,720,False
demanda_real_sistema_horaria,data\raw\xm\demanda\demanda_real_sistema_horaria\demanda_real_sistema_horaria__2023-05-31__2023-06-29__b001.json,0bf2a14d71d82eb25e306780ce9a09a5ff9473afa5a2745155c6548d1e4f4207,2023-05-31,2023-06-29,DemaReal,720,False
demanda_real_sistema_horaria,data\raw\xm\demanda\demanda_real_sistema_horaria\demanda_real_sistema_horaria__2023-06-30__2023-07-29__b001.json,b58ba7a3672911b9904fa20f86a2062b94de88fc1eedf3d169efdd2d6b72d4c5,2023-06-30,2023-07-29,DemaReal,720,False
demanda_real_sistema_horaria,data\raw\xm\demanda\demanda_real_sistema_horaria\demanda_real_sistema_horaria__2023-07-30__2023-08-28__b001.json,5549e0cacac45d90bd0576086e152411021cdcfe46ebf6a65755f1f403f0e090,2023-07-30,2023-08-28,DemaReal,720,False
demanda_real_sistema_horaria,data\raw\xm\demanda\demanda_real_sistema_horaria\demanda_real_sistema_horaria__2023-08-29__2023-09-27__b001.json,483ca3d7d0858262615448ba814f512d4e735cc04a910ee0e25b6da02afea7ba,2023-08-29,2023-09-27,DemaReal,720,False
demanda_real_sistema_horaria,data\raw\xm\demanda\demanda_real_sistema_horaria\demanda_real_sistema_horaria__2023-09-28__2023-10-27__b001.json,27d4ee10574983dac1d762beb25ef1b43791e171c341c3ec6846b9fe2a354944,2023-09-28,2023-10-27,DemaReal,720,False
demanda_real_sistema_horaria,data\raw\xm\demanda\demanda_real_sistema_horaria\demanda_real_sistema_horaria__2023-10-28__2023-11-26__b001.json,9276d238da7a307a2ff2638828056d287743dba1e9ceedb3fdbfba71eaf4d426,2023-10-28,2023-11-26,DemaReal,720,False
demanda_real_sistema_horaria,data\raw\xm\demanda\demanda_real_sistema_horaria\demanda_real_sistema_horaria__2023-11-27__2023-12-26__b001.json,e3ee7435c39ab77e0d79637b6c1329aed5992adaad3d304d825c95db757b6a8c,2023-11-27,2023-12-26,DemaReal,720,False
demanda_real_sistema_horaria,data\raw\xm\demanda\demanda_real_sistema_horaria\demanda_real_sistema_horaria__2023-12-27__2024-01-25__b001.json,99020a65fe430adde5a0ead25cad202a88a3c389b04171e2dc35c0e22a11a73f,2023-12-27,2024-01-25,DemaReal,720,False
demanda_real_sistema_horaria,data\raw\xm\demanda\demanda_real_sistema_horaria\demanda_real_sistema_horaria__2024-01-26__2024-02-24__b001.json,470f4eba7b487acabcf8e5ab2fc0d65140f86c205a1de7e3bc815deae344bf7f,2024-01-26,2024-02-24,DemaReal,720,False
demanda_real_sistema_horaria,data\raw\xm\demanda\demanda_real_sistema_horaria\demanda_real_sistema_horaria__2024-02-25__2024-03-25__b001.json,fecb9521f4b38760ced0d5938d7659a8105d117b030df2ca64d4d5235e406a49,2024-02-25,2024-03-25,DemaReal,720,False
demanda_real_sistema_horaria,data\raw\xm\demanda\demanda_real_sistema_horaria\demanda_real_sistema_horaria__2024-03-26__2024-04-24__b001.json,f9132941980a805c8423806426b87973f3841f85f82b23d455a5198b0d8fa782,2024-03-26,2024-04-24,DemaReal,720,False
demanda_real_sistema_horaria,data\raw\xm\demanda\demanda_real_sistema_horaria\demanda_real_sistema_horaria__2024-04-25__2024-05-24__b001.json,4c65db411f0396af2b22ca68c61e7d3dd4896decd3d7c1fd98b25e30cfaa909c,2024-04-25,2024-05-24,DemaReal,720,False
demanda_real_sistema_horaria,data\raw\xm\demanda\demanda_real_sistema_horaria\demanda_real_sistema_horaria__2024-05-25__2024-06-23__b001.json,6ee428153786ec5c41a6313746590b8f79423e1839691d59facba02974ce7a85,2024-05-25,2024-06-23,DemaReal,720,False
demanda_real_sistema_horaria,data\raw\xm\demanda\demanda_real_sistema_horaria\demanda_real_sistema_horaria__2024-06-24__2024-07-23__b001.json,71ab63e3e1d63f16d12d655c220c53d79e011aec9abc02966e43c963a565a320,2024-06-24,2024-07-23,DemaReal,720,False
demanda_real_sistema_horaria,data\raw\xm\demanda\demanda_real_sistema_horaria\demanda_real_sistema_horaria__2024-07-24__2024-08-22__b001.json,5b64c56bfd1aaf7c6f84e6675bb57ae3c54a39cc111828aec2e1a1c296778134,2024-07-24,2024-08-22,DemaReal,720,False
demanda_real_sistema_horaria,data\raw\xm\demanda\demanda_real_sistema_horaria\demanda_real_sistema_horaria__2024-08-23__2024-09-21__b001.json,a75a09bcaeb55b51908bded897138261aa990463a319e3084103d363bd4e5eb4,2024-08-23,2024-09-21,DemaReal,720,False
demanda_real_sistema_horaria,data\raw\xm\demanda\demanda_real_sistema_horaria\demanda_real_sistema_horaria__2024-09-22__2024-10-21__b001.json,d80e41d7a6caa31cc32b6d4b3162d9706ead798e7819d19bdca40144673ac228,2024-09-22,2024-10-21,DemaReal,720,False
demanda_real_sistema_horaria,data\raw\xm\demanda\demanda_real_sistema_horaria\demanda_real_sistema_horaria__2024-10-22__2024-11-20__b001.json,9696c0d589af7003e2623e20384c1ffa338362aa39cdd293801b2648d06fbeec,2024-10-22,2024-11-20,DemaReal,720,False
demanda_real_sistema_horaria,data\raw\xm\demanda\demanda_real_sistema_horaria\demanda_real_sistema_horaria__2024-11-21__2024-12-20__b001.json,da619d043cb41c89d83d8d3517e4062c2478440eba3839e417b8546225f45002,2024-11-21,2024-12-20,DemaReal,720,False
demanda_real_sistema_horaria,data\raw\xm\demanda\demanda_real_sistema_horaria\demanda_real_sistema_horaria__2024-12-21__2025-01-19__b001.json,c199c7bd53bae767b36cf22e6df150a4554d2e46338c0993e576e1ac373113a6,2024-12-21,2025-01-19,DemaReal,720,False
demanda_real_sistema_horaria,data\raw\xm\demanda\demanda_real_sistema_horaria\demanda_real_sistema_horaria__2025-01-20__2025-02-18__b001.json,b53d6f9a0f7e1484f2908375a371a708eb920f8d49f92d0bf47eb9df42cc6f25,2025-01-20,2025-02-18,DemaReal,720,False
demanda_real_sistema_horaria,data\raw\xm\demanda\demanda_real_sistema_horaria\demanda_real_sistema_horaria__2025-02-19__2025-03-20__b001.json,7074b8f162a7a116b05261b6fb065611acb99bf8e50f0b4b92bba0051981ecfe,2025-02-19,2025-03-20,DemaReal,720,False
demanda_real_sistema_horaria,data\raw\xm\demanda\demanda_real_sistema_horaria\demanda_real_sistema_horaria__2025-03-21__2025-04-19__b001.json,9587b94a411555d69d76480e035d81ac58702f14d50a2dc40d79ccbce42f3262,2025-03-21,2025-04-19,DemaReal,720,False
demanda_real_sistema_horaria,data\raw\xm\demanda\demanda_real_sistema_horaria\demanda_real_sistema_horaria__2025-04-20__2025-05-19__b001.json,f1d685fd7c69634d66222a6dc63f16b6ed0988d2333d3f7509a680cda8cf486b,2025-04-20,2025-05-19,DemaReal,720,False
demanda_real_sistema_horaria,data\raw\xm\demanda\demanda_real_sistema_horaria\demanda_real_sistema_horaria__2025-05-20__2025-06-18__b001.json,bdb4fe2e80715608d9a3f7d5e24bda785c035900b3e282d9790769b2c1a3e1ec,2025-05-20,2025-06-18,DemaReal,720,False
demanda_real_sistema_horaria,data\raw\xm\demanda\demanda_real_sistema_horaria\demanda_real_sistema_horaria__2025-06-19__2025-07-18__b001.json,2f182c3728d340f67164fc6eb46155852cdf6d9dbc60b8bdb5957b79658b49a9,2025-06-19,2025-07-18,DemaReal,720,False
demanda_real_sistema_horaria,data\raw\xm\demanda\demanda_real_sistema_horaria\demanda_real_sistema_horaria__2025-07-19__2025-08-17__b001.json,f2b0e8ead985fb0404554373ac77d6b8cbee740e3b7fafa05512f42ddba14184,2025-07-19,2025-08-17,DemaReal,720,False
demanda_real_sistema_horaria,data\raw\xm\demanda\demanda_real_sistema_horaria\demanda_real_sistema_horaria__2025-08-18__2025-09-16__b001.json,1d2429a2722ea0a886eb543e2a198cba04e8eabcc39bf8f49830cb5d5d93cd07,2025-08-18,2025-09-16,DemaReal,720,False
demanda_real_sistema_horaria,data\raw\xm\demanda\demanda_real_sistema_horaria\demanda_real_sistema_horaria__2025-09-17__2025-10-16__b001.json,d12ba2ce965ff116c9f3f8ea6d87846ba1ecec0f9c86d628123781baa8046080,2025-09-17,2025-10-16,DemaReal,720,False
demanda_real_sistema_horaria,data\raw\xm\demanda\demanda_real_sistema_horaria\demanda_real_sistema_horaria__2025-10-17__2025-11-15__b001.json,d690137d7eb2e68f56cd593d9566bd376392451587cb28fe7ddd63c4eb4ebc3d,2025-10-17,2025-11-15,DemaReal,720,False
demanda_real_sistema_horaria,data\raw\xm\demanda\demanda_real_sistema_horaria\demanda_real_sistema_horaria__2025-11-16__2025-12-15__b001.json,2112a2d518906dbbd072700dfa74658185f16212eee81eba0d2b3dc307458c92,2025-11-16,2025-12-15,DemaReal,720,False
demanda_real_sistema_horaria,data\raw\xm\demanda\demanda_real_sistema_horaria\demanda_real_sistema_horaria__2025-12-16__2026-01-14__b001.json,3ca4f0f37b05f1c366e90715eaf6dbf6b7dede64f27b3892c872c7555201390e,2025-12-16,2026-01-14,DemaReal,720,False
demanda_real_sistema_horaria,data\raw\xm\demanda\demanda_real_sistema_horaria\demanda_real_sistema_horaria__2026-01-15__2026-02-13__b001.json,425ea5aa4b9fbdd934165c6109e6932d35d958eb25ee4a2220f465d8a8169b49,2026-01-15,2026-02-13,DemaReal,720,False
demanda_real_sistema_horaria,data\raw\xm\demanda\demanda_real_sistema_horaria\demanda_real_sistema_horaria__2026-02-14__2026-03-15__b001.json,8b74be303bb38fbf22648bb66026c48331d7e825aee9590630de4ac8c87ef8e2,2026-02-14,2026-03-15,DemaReal,720,False
demanda_real_sistema_horaria,data\raw\xm\demanda\demanda_real_sistema_horaria\demanda_real_sistema_horaria__2026-03-16__2026-04-14__b001.json,dfc43bdcddce82dcd6d5c9cade181b069355d6868b53c849875b75642579435c,2026-03-16,2026-04-14,DemaReal,720,False
demanda_real_sistema_horaria,data\raw\xm\demanda\demanda_real_sistema_horaria\demanda_real_sistema_horaria__2026-04-15__2026-05-14__b001.json,9d7a064dfbf7c787bf0587fca106de395c44b6b996edbac9bcb199f6f7f96752,2026-04-15,2026-05-14,DemaReal,720,False
demanda_real_sistema_horaria,data\raw\xm\demanda\demanda_real_sistema_horaria\demanda_real_sistema_horaria__2026-05-15__2026-06-13__b001.json,4e327c3e282a7900f4b8e4ef12c613e58d9452a05c3770c313238bd8f937097a,2026-05-15,2026-06-13,DemaReal,720,False
demanda_real_sistema_horaria,data\raw\xm\demanda\demanda_real_sistema_horaria\demanda_real_sistema_horaria__2026-06-14__2026-07-13__b001.json,fe0ef642673c069b2ea68633993748143347584913cbe7fbd7956e55146bf5c9,2026-06-14,2026-07-13,DemaReal,720,False
demanda_sin_diaria,data\raw\xm\demanda\demanda_sin_diaria\demanda_sin_diaria__2023-01-01__2023-01-30__b001.json,681243de7cac57bb6cdea4a28cff7376389512356ec23f4e2551b9985aa55b00,2023-01-01,2023-01-30,DemaSIN,30,False
demanda_sin_diaria,data\raw\xm\demanda\demanda_sin_diaria\demanda_sin_diaria__2023-01-31__2023-03-01__b001.json,fd8616608649ff9b147902c66ae7229283d35c3e44e5321362b5da349d654ea1,2023-01-31,2023-03-01,DemaSIN,30,False
demanda_sin_diaria,data\raw\xm\demanda\demanda_sin_diaria\demanda_sin_diaria__2023-03-02__2023-03-31__b001.json,ba70ca34757c165bff73435a597bdb0ac49c812b9d866902e0f4ed58b9042b42,2023-03-02,2023-03-31,DemaSIN,30,False
demanda_sin_diaria,data\raw\xm\demanda\demanda_sin_diaria\demanda_sin_diaria__2023-04-01__2023-04-30__b001.json,07a362ad58408c2afea11ab29c64ac326b4443aebcbcf058e3c59ce0d3a32686,2023-04-01,2023-04-30,DemaSIN,30,False
demanda_sin_diaria,data\raw\xm\demanda\demanda_sin_diaria\demanda_sin_diaria__2023-05-01__2023-05-30__b001.json,9a14560828ba4da73e226cb290c1ad32acf2769e3765f269efc992890d1d5128,2023-05-01,2023-05-30,DemaSIN,30,False
demanda_sin_diaria,data\raw\xm\demanda\demanda_sin_diaria\demanda_sin_diaria__2023-05-31__2023-06-29__b001.json,3caa7e02242e12847834c9a14c53df2a3237473104b217aa55e8d71268883dd4,2023-05-31,2023-06-29,DemaSIN,30,False
demanda_sin_diaria,data\raw\xm\demanda\demanda_sin_diaria\demanda_sin_diaria__2023-06-30__2023-07-29__b001.json,afdadef88262652fd462f2720b577aa08ffcf9a4aa982a0e987a0014632b65b8,2023-06-30,2023-07-29,DemaSIN,30,False
demanda_sin_diaria,data\raw\xm\demanda\demanda_sin_diaria\demanda_sin_diaria__2023-07-30__2023-08-28__b001.json,e6f18f2e2f57055ffba532cc7c99c9021e7eef88d092dfae85b1bc4f5b045a5b,2023-07-30,2023-08-28,DemaSIN,30,False
demanda_sin_diaria,data\raw\xm\demanda\demanda_sin_diaria\demanda_sin_diaria__2023-08-29__2023-09-27__b001.json,159e7ff4381af9b449ea96651b65689dce179642608e4f635906c5045e01db74,2023-08-29,2023-09-27,DemaSIN,30,False
demanda_sin_diaria,data\raw\xm\demanda\demanda_sin_diaria\demanda_sin_diaria__2023-09-28__2023-10-27__b001.json,68533fc5a535fce59e406bb4ff6d21b5d997fc1c9414c365ac8fffea7be32bc3,2023-09-28,2023-10-27,DemaSIN,30,False
demanda_sin_diaria,data\raw\xm\demanda\demanda_sin_diaria\demanda_sin_diaria__2023-10-28__2023-11-26__b001.json,6b36050e0d7273ea4193ec46ff4943f54ee1c4fcc0b3c2b20c43d73798b3b4f6,2023-10-28,2023-11-26,DemaSIN,30,False
demanda_sin_diaria,data\raw\xm\demanda\demanda_sin_diaria\demanda_sin_diaria__2023-11-27__2023-12-26__b001.json,b9f25978dab3ba48d11bd6ceb0e04812003a3a4919a8f86d11c3a06cca4141ae,2023-11-27,2023-12-26,DemaSIN,30,False
demanda_sin_diaria,data\raw\xm\demanda\demanda_sin_diaria\demanda_sin_diaria__2023-12-27__2024-01-25__b001.json,7bbb3952054e7e78a084f6fd0b38c57dbb1879ddfdd4f7792920fbffff3b9f23,2023-12-27,2024-01-25,DemaSIN,30,False
demanda_sin_diaria,data\raw\xm\demanda\demanda_sin_diaria\demanda_sin_diaria__2024-01-26__2024-02-24__b001.json,0d3d67fc66a955c26bd3dc8660581beb4192a8ef50ff9fb6f5c827d48728ca7a,2024-01-26,2024-02-24,DemaSIN,30,False
demanda_sin_diaria,data\raw\xm\demanda\demanda_sin_diaria\demanda_sin_diaria__2024-02-25__2024-03-25__b001.json,10a8f2fdd05326727df6300d8baf206ed425f7f1b6315bbf93470caaefa411f5,2024-02-25,2024-03-25,DemaSIN,30,False
demanda_sin_diaria,data\raw\xm\demanda\demanda_sin_diaria\demanda_sin_diaria__2024-03-26__2024-04-24__b001.json,4f81abe073850622c1eb581a430e52b74ea3588928ee2d25e1cca8f28f1bf264,2024-03-26,2024-04-24,DemaSIN,30,False
demanda_sin_diaria,data\raw\xm\demanda\demanda_sin_diaria\demanda_sin_diaria__2024-04-25__2024-05-24__b001.json,55d08c097b24f2cad6044358dbe459032d79319ad598557edb4b5ea5e269c770,2024-04-25,2024-05-24,DemaSIN,30,False
demanda_sin_diaria,data\raw\xm\demanda\demanda_sin_diaria\demanda_sin_diaria__2024-05-25__2024-06-23__b001.json,085320211f269bdeb8fa0ec580556070218c7f32d123e77eb20d90407f776632,2024-05-25,2024-06-23,DemaSIN,30,False
demanda_sin_diaria,data\raw\xm\demanda\demanda_sin_diaria\demanda_sin_diaria__2024-06-24__2024-07-23__b001.json,54818c58eed4c69b45ac560a456800b6cb58806721cb3036c5040f4a851eb551,2024-06-24,2024-07-23,DemaSIN,30,False
demanda_sin_diaria,data\raw\xm\demanda\demanda_sin_diaria\demanda_sin_diaria__2024-07-24__2024-08-22__b001.json,a28fc23b62561372bb49ad00719b989c8f073a7fc1d9619d3f7d3a0c3783baf6,2024-07-24,2024-08-22,DemaSIN,30,False
demanda_sin_diaria,data\raw\xm\demanda\demanda_sin_diaria\demanda_sin_diaria__2024-08-23__2024-09-21__b001.json,d93647a6a2e7e9d5ee1b2c278338d4fd185867509c64b150484196e6d39ea587,2024-08-23,2024-09-21,DemaSIN,30,False
demanda_sin_diaria,data\raw\xm\demanda\demanda_sin_diaria\demanda_sin_diaria__2024-09-22__2024-10-21__b001.json,4b41ce07ac85ef249a4acca1205c0b1f2c4af33a02a7e973908b8f04ef4b5d30,2024-09-22,2024-10-21,DemaSIN,30,False
demanda_sin_diaria,data\raw\xm\demanda\demanda_sin_diaria\demanda_sin_diaria__2024-10-22__2024-11-20__b001.json,a6c1d379d6e02d855b36f4f5be013de57be3748597227183855f353150b3b41d,2024-10-22,2024-11-20,DemaSIN,30,False
demanda_sin_diaria,data\raw\xm\demanda\demanda_sin_diaria\demanda_sin_diaria__2024-11-21__2024-12-20__b001.json,5b7925437b9e5a1891a4e3a49a6559c28afedc327fae7b6fec82e6a2273d15ab,2024-11-21,2024-12-20,DemaSIN,30,False
demanda_sin_diaria,data\raw\xm\demanda\demanda_sin_diaria\demanda_sin_diaria__2024-12-21__2025-01-19__b001.json,93fd1f0b67c3465ae082fae34d1ebfb2934b40f2d88e8a819c33a147df299828,2024-12-21,2025-01-19,DemaSIN,30,False
demanda_sin_diaria,data\raw\xm\demanda\demanda_sin_diaria\demanda_sin_diaria__2025-01-20__2025-02-18__b001.json,00dde6fada48f20961275298a2fbd3e8bb87f1a7d010ed982d47d5fb89b1892f,2025-01-20,2025-02-18,DemaSIN,30,False
demanda_sin_diaria,data\raw\xm\demanda\demanda_sin_diaria\demanda_sin_diaria__2025-02-19__2025-03-20__b001.json,302d4d5c3c35dedff34420625ed40ca95f6403a712d64346e1e87789db9c7c12,2025-02-19,2025-03-20,DemaSIN,30,False
demanda_sin_diaria,data\raw\xm\demanda\demanda_sin_diaria\demanda_sin_diaria__2025-03-21__2025-04-19__b001.json,8d563e039e4f20d171863af77d44294b7db5d72b07ebd105ebdfbe5df18e8666,2025-03-21,2025-04-19,DemaSIN,30,False
demanda_sin_diaria,data\raw\xm\demanda\demanda_sin_diaria\demanda_sin_diaria__2025-04-20__2025-05-19__b001.json,670d8465123caa1f84c340b1ecd4cc04bdb00fc0a86a82151c3274726f8f274d,2025-04-20,2025-05-19,DemaSIN,30,False
demanda_sin_diaria,data\raw\xm\demanda\demanda_sin_diaria\demanda_sin_diaria__2025-05-20__2025-06-18__b001.json,10dc872eef6c729216b74be225b0c5e699205a53cbffed10e51d3c480a15e862,2025-05-20,2025-06-18,DemaSIN,30,False
demanda_sin_diaria,data\raw\xm\demanda\demanda_sin_diaria\demanda_sin_diaria__2025-06-19__2025-07-18__b001.json,b08f94fc76f209aab1ed804ceb11bdc5aeb5f671fe475b46b97fb8443040823d,2025-06-19,2025-07-18,DemaSIN,30,False
demanda_sin_diaria,data\raw\xm\demanda\demanda_sin_diaria\demanda_sin_diaria__2025-07-19__2025-08-17__b001.json,41323047fce191c7370a0d2fc82bdd100b72daf719ead1ec2e15e407eb4e56fe,2025-07-19,2025-08-17,DemaSIN,30,False
demanda_sin_diaria,data\raw\xm\demanda\demanda_sin_diaria\demanda_sin_diaria__2025-08-18__2025-09-16__b001.json,36df827b5116ee3f41b6121c5a11720bf7166a973113c0f02ba6e2332366f162,2025-08-18,2025-09-16,DemaSIN,30,False
demanda_sin_diaria,data\raw\xm\demanda\demanda_sin_diaria\demanda_sin_diaria__2025-09-17__2025-10-16__b001.json,156022edf7dbc82ba2c852934a56b2e959445e51680c712514393bccdeb6a834,2025-09-17,2025-10-16,DemaSIN,30,False
demanda_sin_diaria,data\raw\xm\demanda\demanda_sin_diaria\demanda_sin_diaria__2025-10-17__2025-11-15__b001.json,e9e4b513215aaeb6ecca582412aeac0d9848363e77a7343efb79c66965b7ef07,2025-10-17,2025-11-15,DemaSIN,30,False
demanda_sin_diaria,data\raw\xm\demanda\demanda_sin_diaria\demanda_sin_diaria__2025-11-16__2025-12-15__b001.json,9585c12cce0e69720cfb866a036cdacfdae196809eddfd238777d3b2758c3b85,2025-11-16,2025-12-15,DemaSIN,30,False
demanda_sin_diaria,data\raw\xm\demanda\demanda_sin_diaria\demanda_sin_diaria__2025-12-16__2026-01-14__b001.json,6371f514b958988a32e005899cd8af3d7c61b2827c6942c08e2bb43dda89f81e,2025-12-16,2026-01-14,DemaSIN,30,False
demanda_sin_diaria,data\raw\xm\demanda\demanda_sin_diaria\demanda_sin_diaria__2026-01-15__2026-02-13__b001.json,fd36fd57ec468d39cbf5b853179e59ed2d25449b469e90fb3a92b352253aab82,2026-01-15,2026-02-13,DemaSIN,30,False
demanda_sin_diaria,data\raw\xm\demanda\demanda_sin_diaria\demanda_sin_diaria__2026-02-14__2026-03-15__b001.json,d38b851431a9d4dccf23c2a7860af4ac6dc05e5160c0af616de1730b00d7e2c4,2026-02-14,2026-03-15,DemaSIN,30,False
demanda_sin_diaria,data\raw\xm\demanda\demanda_sin_diaria\demanda_sin_diaria__2026-03-16__2026-04-14__b001.json,f3f79de452bb7d3300746f85bd002ec1260ba63f63488e030fbe1691b3001757,2026-03-16,2026-04-14,DemaSIN,30,False
demanda_sin_diaria,data\raw\xm\demanda\demanda_sin_diaria\demanda_sin_diaria__2026-04-15__2026-05-14__b001.json,1bbe5c0d58f7bacd531a442e6d21a0090277980f4090ddba23533c56f9e5429a,2026-04-15,2026-05-14,DemaSIN,30,False
demanda_sin_diaria,data\raw\xm\demanda\demanda_sin_diaria\demanda_sin_diaria__2026-05-15__2026-06-13__b001.json,c96041589b3c61c985c491d2962b6ac1cd0b3c3bc7c12af93c0ffabaaac3c435,2026-05-15,2026-06-13,DemaSIN,30,False
demanda_sin_diaria,data\raw\xm\demanda\demanda_sin_diaria\demanda_sin_diaria__2026-06-14__2026-07-13__b001.json,e1ac1faf896b7762d7055847cb39b95ce7f41f5382500444889fe782bcf08363,2026-06-14,2026-07-13,DemaSIN,30,False
generacion_real_total,data\raw\xm\generacion\generacion_real_total\generacion_real_total__2023-01-01__2023-01-30__b001.json,1dcc8753871b6240df7e2e2b5089a0930d28703ced0cae341fb232902e9c0d42,2023-01-01,2023-01-30,Gene,720,False
generacion_real_total,data\raw\xm\generacion\generacion_real_total\generacion_real_total__2023-01-31__2023-03-01__b001.json,fd3badf3b1d6dab008e83df524ef323f10ec482061abae7e836de21337205ea7,2023-01-31,2023-03-01,Gene,720,False
generacion_real_total,data\raw\xm\generacion\generacion_real_total\generacion_real_total__2023-03-02__2023-03-31__b001.json,9a9e3baf68f016170d34a3a7bc3ab9414cecf0438153b3c75d374b25cc2be767,2023-03-02,2023-03-31,Gene,720,False
generacion_real_total,data\raw\xm\generacion\generacion_real_total\generacion_real_total__2023-04-01__2023-04-30__b001.json,b65d2ea8f2595974420a7f059d84a1c73100c57a069a600534934fea051aa146,2023-04-01,2023-04-30,Gene,720,False
generacion_real_total,data\raw\xm\generacion\generacion_real_total\generacion_real_total__2023-05-01__2023-05-30__b001.json,fe3400009fb654e789bb148e517ba16f2b248f97cc8aae1c619a9477f0dc2371,2023-05-01,2023-05-30,Gene,720,False
generacion_real_total,data\raw\xm\generacion\generacion_real_total\generacion_real_total__2023-05-31__2023-06-29__b001.json,79a0a3fd9b992f4ae7e3d8060a4de260dae1ff202c01f8767cba28050c3925c1,2023-05-31,2023-06-29,Gene,720,False
generacion_real_total,data\raw\xm\generacion\generacion_real_total\generacion_real_total__2023-06-30__2023-07-29__b001.json,10b248dd46d76edf3d3ea6073d82003f27f38f8c75ca4434c0d65781a5ecd76c,2023-06-30,2023-07-29,Gene,720,False
generacion_real_total,data\raw\xm\generacion\generacion_real_total\generacion_real_total__2023-07-30__2023-08-28__b001.json,0e9efcc5c701467926ce50ad5e0d9ce240f1a830af75c414aadaaa93776935e1,2023-07-30,2023-08-28,Gene,720,False
generacion_real_total,data\raw\xm\generacion\generacion_real_total\generacion_real_total__2023-08-29__2023-09-27__b001.json,3aeea3882ddce196280d314748ca936076985de408eff289a5343f6f8977dbc1,2023-08-29,2023-09-27,Gene,720,False
generacion_real_total,data\raw\xm\generacion\generacion_real_total\generacion_real_total__2023-09-28__2023-10-27__b001.json,6eaeb7edb398f870933a1e5ff1f65461359f597326be260ee313ff4e5d37b5ae,2023-09-28,2023-10-27,Gene,720,False
generacion_real_total,data\raw\xm\generacion\generacion_real_total\generacion_real_total__2023-10-28__2023-11-26__b001.json,352fb98ed97dc40bbc803b30295332b3e61856c162b4b7c3a11683950c0f306b,2023-10-28,2023-11-26,Gene,720,False
generacion_real_total,data\raw\xm\generacion\generacion_real_total\generacion_real_total__2023-11-27__2023-12-26__b001.json,5d5d50867313b13f26983c8a1205ddba592a1ba0f62e08c9a59fb085fdacd174,2023-11-27,2023-12-26,Gene,720,False
generacion_real_total,data\raw\xm\generacion\generacion_real_total\generacion_real_total__2023-12-27__2024-01-25__b001.json,58e7da2c5468b302efb3111015e2410a5dfe010fc49e978a199331ceda00bc08,2023-12-27,2024-01-25,Gene,720,False
generacion_real_total,data\raw\xm\generacion\generacion_real_total\generacion_real_total__2024-01-26__2024-02-24__b001.json,167919f9f9ada7c541f7dfa7ca6972b7cb3103dba5d9744f48819d4377dc10e5,2024-01-26,2024-02-24,Gene,720,False
generacion_real_total,data\raw\xm\generacion\generacion_real_total\generacion_real_total__2024-02-25__2024-03-25__b001.json,908efa109e68e05967bc53e5fbff37259ca689180b72a58a8903905adbdcdf1c,2024-02-25,2024-03-25,Gene,720,False
generacion_real_total,data\raw\xm\generacion\generacion_real_total\generacion_real_total__2024-03-26__2024-04-24__b001.json,aa572258e2df197e35be0081a9082fc8f55668892d9cc502d4fec74b261c9370,2024-03-26,2024-04-24,Gene,720,False
generacion_real_total,data\raw\xm\generacion\generacion_real_total\generacion_real_total__2024-04-25__2024-05-24__b001.json,8ea169b0fe633e9c4c7e8ac31bb5d4ddddcbecd9e6968af16697574c9ae86152,2024-04-25,2024-05-24,Gene,720,False
generacion_real_total,data\raw\xm\generacion\generacion_real_total\generacion_real_total__2024-05-25__2024-06-23__b001.json,7f7f6188617ffb1ae911ff428c4af6d4ff4b739a6a696a172664011b7b21d496,2024-05-25,2024-06-23,Gene,720,False
generacion_real_total,data\raw\xm\generacion\generacion_real_total\generacion_real_total__2024-06-24__2024-07-23__b001.json,f9165481b4713e868beaeff5d0fb5ebeea94a5d03583261a7c477db542fdf607,2024-06-24,2024-07-23,Gene,720,False
generacion_real_total,data\raw\xm\generacion\generacion_real_total\generacion_real_total__2024-07-24__2024-08-22__b001.json,8f3e35d3037c382a38127c1b029f968dbbe989aa3e27246c93e4944325599441,2024-07-24,2024-08-22,Gene,720,False
generacion_real_total,data\raw\xm\generacion\generacion_real_total\generacion_real_total__2024-08-23__2024-09-21__b001.json,451ce967e2720a0e20491270fcf3657d11f7f9621e2c8132ee71299daa7a7af0,2024-08-23,2024-09-21,Gene,720,False
generacion_real_total,data\raw\xm\generacion\generacion_real_total\generacion_real_total__2024-09-22__2024-10-21__b001.json,47a7faab9db3d0ccb9373f2525a2bd9c9d2822b518e2e6fa5b395d876edc246b,2024-09-22,2024-10-21,Gene,720,False
generacion_real_total,data\raw\xm\generacion\generacion_real_total\generacion_real_total__2024-10-22__2024-11-20__b001.json,9a6d8fb1a074597c6b3186cd3e0d093e691c20096cd02238737e1078d6e9dc32,2024-10-22,2024-11-20,Gene,720,False
generacion_real_total,data\raw\xm\generacion\generacion_real_total\generacion_real_total__2024-11-21__2024-12-20__b001.json,30b23f30dba70202614d8a5c8a8f00aa2dddb30213083367fe77da2b31129da2,2024-11-21,2024-12-20,Gene,720,False
generacion_real_total,data\raw\xm\generacion\generacion_real_total\generacion_real_total__2024-12-21__2025-01-19__b001.json,745d4806dff904f5c5cc2d3b8b6bb36b3a6d7428d6ae96c53af831dda6ffa88b,2024-12-21,2025-01-19,Gene,720,False
generacion_real_total,data\raw\xm\generacion\generacion_real_total\generacion_real_total__2025-01-20__2025-02-18__b001.json,7b40cb61c145178893c3c482943f7f96ba348ef37b2f7d626b926a8f23d41381,2025-01-20,2025-02-18,Gene,720,False
generacion_real_total,data\raw\xm\generacion\generacion_real_total\generacion_real_total__2025-02-19__2025-03-20__b001.json,49f01d31aae50c3d0c653f8152fdefae900cad85f72b194d94cfc67846e0b35d,2025-02-19,2025-03-20,Gene,720,False
generacion_real_total,data\raw\xm\generacion\generacion_real_total\generacion_real_total__2025-03-21__2025-04-19__b001.json,c4f0712a6a3b3eb176b5793f40af2197a007d9af40cb7bd0bc011c32d9c7b6ff,2025-03-21,2025-04-19,Gene,720,False
generacion_real_total,data\raw\xm\generacion\generacion_real_total\generacion_real_total__2025-04-20__2025-05-19__b001.json,136f219228677dd4d478106b6fc9bc3d5fb64e2e0257291306332e372f66385b,2025-04-20,2025-05-19,Gene,720,False
generacion_real_total,data\raw\xm\generacion\generacion_real_total\generacion_real_total__2025-05-20__2025-06-18__b001.json,1c5955f97a15fd7f3ba7b79d82e90304734201df7305b18a060d83f1ff1c9bb3,2025-05-20,2025-06-18,Gene,720,False
generacion_real_total,data\raw\xm\generacion\generacion_real_total\generacion_real_total__2025-06-19__2025-07-18__b001.json,f9d2c426b997909bac6f19c39aa8fab18ec3ee0d316a74c321765c3700063384,2025-06-19,2025-07-18,Gene,720,False
generacion_real_total,data\raw\xm\generacion\generacion_real_total\generacion_real_total__2025-07-19__2025-08-17__b001.json,1625a5036fe105739d20346a05d2d166a50fdc159d4adfc1d77a6a9d6643162a,2025-07-19,2025-08-17,Gene,720,False
generacion_real_total,data\raw\xm\generacion\generacion_real_total\generacion_real_total__2025-08-18__2025-09-16__b001.json,554ac36119d86097e728e14cd8966242b96a834290a878330045a47d14c2a2cd,2025-08-18,2025-09-16,Gene,720,False
generacion_real_total,data\raw\xm\generacion\generacion_real_total\generacion_real_total__2025-09-17__2025-10-16__b001.json,c2dea76ad154c92bc5e1124599af8a70dc6422b41f6d4cd3eaff12cac5b4174a,2025-09-17,2025-10-16,Gene,720,False
generacion_real_total,data\raw\xm\generacion\generacion_real_total\generacion_real_total__2025-10-17__2025-11-15__b001.json,2dfd1fdce8ba08a0e7fd4a7524b017c34d272a9170cff48aeac58d915c6a5845,2025-10-17,2025-11-15,Gene,720,False
generacion_real_total,data\raw\xm\generacion\generacion_real_total\generacion_real_total__2025-11-16__2025-12-15__b001.json,2a9d9f00e2c1f97d34bc4ce866841391ca870ec3fc07ca01b0dfe6216505d960,2025-11-16,2025-12-15,Gene,720,False
generacion_real_total,data\raw\xm\generacion\generacion_real_total\generacion_real_total__2025-12-16__2026-01-14__b001.json,0adb1ef4fe7099e501319f83cac4c7960a0fef35981c9cf19f4d21eed0ff7d04,2025-12-16,2026-01-14,Gene,720,False
generacion_real_total,data\raw\xm\generacion\generacion_real_total\generacion_real_total__2026-01-15__2026-02-13__b001.json,79e6160374a047acd1b2e18d4b1fdc5644bfd54f4c3199c89a2e085478a75bd7,2026-01-15,2026-02-13,Gene,720,False
generacion_real_total,data\raw\xm\generacion\generacion_real_total\generacion_real_total__2026-02-14__2026-03-15__b001.json,0f719ddb2c78d24e1956f3d7437291ec9eb1118239ac1d078596c19fa5295ced,2026-02-14,2026-03-15,Gene,720,False
generacion_real_total,data\raw\xm\generacion\generacion_real_total\generacion_real_total__2026-03-16__2026-04-14__b001.json,0af5922a8a3624fcf85aa549f6dc9200c54bc96296a0eeb84acb7d60b22fee99,2026-03-16,2026-04-14,Gene,720,False
generacion_real_total,data\raw\xm\generacion\generacion_real_total\generacion_real_total__2026-04-15__2026-05-14__b001.json,532f788c0ea7d59889b4e08c877b9b39d6af081e2bde62bf01fcf3623088c817,2026-04-15,2026-05-14,Gene,720,False
generacion_real_total,data\raw\xm\generacion\generacion_real_total\generacion_real_total__2026-05-15__2026-06-13__b001.json,a9636fb7e3426a7bd689f0dbf3752391f1f4bb601f2d969e25f6e555cbd31b94,2026-05-15,2026-06-13,Gene,720,False
generacion_real_total,data\raw\xm\generacion\generacion_real_total\generacion_real_total__2026-06-14__2026-07-13__b001.json,f5a7f29122f181c3e225fbf0bcd3b2bedff5fe0d53ab01f7fa2fafbfe1db6a5b,2026-06-14,2026-07-13,Gene,720,False
importaciones_energia_sistema,data\raw\xm\intercambios\importaciones_energia_sistema\importaciones_energia_sistema__2023-01-01__2023-01-30__b001.json,b2579f56f42cc9095d65f791b6e354479ebbffcb932d9d4a672da5105a8a1e0a,2023-01-01,2023-01-30,ImpoEner,0,True
importaciones_energia_sistema,data\raw\xm\intercambios\importaciones_energia_sistema\importaciones_energia_sistema__2023-01-31__2023-03-01__b001.json,417ed326bba66b9ade395d634992ef7aed11bee7d63caf87772f535465a14da6,2023-01-31,2023-03-01,ImpoEner,216,False
importaciones_energia_sistema,data\raw\xm\intercambios\importaciones_energia_sistema\importaciones_energia_sistema__2023-03-02__2023-03-31__b001.json,aea872b9c0b06d6f21527adb12c8b26c7ecbe0c0f69447fb6cd3a0bfdaa56d3f,2023-03-02,2023-03-31,ImpoEner,720,False
importaciones_energia_sistema,data\raw\xm\intercambios\importaciones_energia_sistema\importaciones_energia_sistema__2023-04-01__2023-04-30__b001.json,f08f92a2a2c064523b96f0c915eb75ac685d6f6c57acbdab3d1152d9377e1e10,2023-04-01,2023-04-30,ImpoEner,720,False
importaciones_energia_sistema,data\raw\xm\intercambios\importaciones_energia_sistema\importaciones_energia_sistema__2023-05-01__2023-05-30__b001.json,6857f331cc9647e986c2febe9e75b3980a1a674c8f8ac12015558915ae9aed2b,2023-05-01,2023-05-30,ImpoEner,696,False
importaciones_energia_sistema,data\raw\xm\intercambios\importaciones_energia_sistema\importaciones_energia_sistema__2023-05-31__2023-06-29__b001.json,cfe48b50707593a2d4ef94d652632c3409e5576a9c5e265cdf49d00503927306,2023-05-31,2023-06-29,ImpoEner,720,False
importaciones_energia_sistema,data\raw\xm\intercambios\importaciones_energia_sistema\importaciones_energia_sistema__2023-06-30__2023-07-29__b001.json,82e549213adb76abecaf7b0bd805a0bfb9a0dec5a74eb530f26d2eb38f4a2eb9,2023-06-30,2023-07-29,ImpoEner,720,False
importaciones_energia_sistema,data\raw\xm\intercambios\importaciones_energia_sistema\importaciones_energia_sistema__2023-07-30__2023-08-28__b001.json,30fac8c62163b4f9efefd97880db53b7e3eb90cddfd70ee5092a014e9486cf24,2023-07-30,2023-08-28,ImpoEner,720,False
importaciones_energia_sistema,data\raw\xm\intercambios\importaciones_energia_sistema\importaciones_energia_sistema__2023-08-29__2023-09-27__b001.json,d600f7a2532f6fbb40beeb205573f7eb54f09a8b95e70a58aa152172513da8e2,2023-08-29,2023-09-27,ImpoEner,288,False
importaciones_energia_sistema,data\raw\xm\intercambios\importaciones_energia_sistema\importaciones_energia_sistema__2023-09-28__2023-10-27__b001.json,c741ad48ad5f65a32a6934f641186fe4d4b5fb99476bb4f7d22bb3a34b7897cc,2023-09-28,2023-10-27,ImpoEner,144,False
importaciones_energia_sistema,data\raw\xm\intercambios\importaciones_energia_sistema\importaciones_energia_sistema__2023-10-28__2023-11-26__b001.json,28ad4bf1b61587953ff5ff00998e3a7d391430872d6efc628fcfc654af3d9091,2023-10-28,2023-11-26,ImpoEner,120,False
importaciones_energia_sistema,data\raw\xm\intercambios\importaciones_energia_sistema\importaciones_energia_sistema__2023-11-27__2023-12-26__b001.json,ffe1dec4e41333438561dcb906aa0ece7b500cfbe2e1a7b07ab93aafc5c6d7ba,2023-11-27,2023-12-26,ImpoEner,288,False
importaciones_energia_sistema,data\raw\xm\intercambios\importaciones_energia_sistema\importaciones_energia_sistema__2023-12-27__2024-01-25__b001.json,8b7789620e79302cedd72dc64ccc74b7ffba9ef1f67fd5b4debd8107159af201,2023-12-27,2024-01-25,ImpoEner,648,False
importaciones_energia_sistema,data\raw\xm\intercambios\importaciones_energia_sistema\importaciones_energia_sistema__2024-01-26__2024-02-24__b001.json,4f06586157a1d5ee26637796ab78d7715fd86cea70f7aab46c5379c52f2f4470,2024-01-26,2024-02-24,ImpoEner,720,False
importaciones_energia_sistema,data\raw\xm\intercambios\importaciones_energia_sistema\importaciones_energia_sistema__2024-02-25__2024-03-25__b001.json,f75aa2a105378f3faa20bcb9fc6ee68d47bee43b2d63d2daa450540dc727027f,2024-02-25,2024-03-25,ImpoEner,288,False
importaciones_energia_sistema,data\raw\xm\intercambios\importaciones_energia_sistema\importaciones_energia_sistema__2024-03-26__2024-04-24__b001.json,c424648adce9114701e10215f7bb36919331d8c31c8cf6c858f0bf8162e6c0ad,2024-03-26,2024-04-24,ImpoEner,480,False
importaciones_energia_sistema,data\raw\xm\intercambios\importaciones_energia_sistema\importaciones_energia_sistema__2024-04-25__2024-05-24__b001.json,bb16712834dda1c0b911bdc501d4ecfc4dffa8166c69df53d76c35d58cb59008,2024-04-25,2024-05-24,ImpoEner,528,False
importaciones_energia_sistema,data\raw\xm\intercambios\importaciones_energia_sistema\importaciones_energia_sistema__2024-05-25__2024-06-23__b001.json,cd429edba1ac5b99304181fb82e344bc105576cb493e464b566007a219765e7b,2024-05-25,2024-06-23,ImpoEner,720,False
importaciones_energia_sistema,data\raw\xm\intercambios\importaciones_energia_sistema\importaciones_energia_sistema__2024-06-24__2024-07-23__b001.json,2d3d710b68d8bbad0593054c7d838e2e2550abc3d3330e6dd1ab74b932c1b1e7,2024-06-24,2024-07-23,ImpoEner,720,False
importaciones_energia_sistema,data\raw\xm\intercambios\importaciones_energia_sistema\importaciones_energia_sistema__2024-07-24__2024-08-22__b001.json,72be7367ae77a357ddfa248b536b60256e861a0ecf7524da62c79f6c76985614,2024-07-24,2024-08-22,ImpoEner,168,False
importaciones_energia_sistema,data\raw\xm\intercambios\importaciones_energia_sistema\importaciones_energia_sistema__2024-08-23__2024-09-21__b001.json,2bc02ab992722a05ec78fb8376d16fa6a46522af75bea9df2b4e32509b11afed,2024-08-23,2024-09-21,ImpoEner,0,True
importaciones_energia_sistema,data\raw\xm\intercambios\importaciones_energia_sistema\importaciones_energia_sistema__2024-09-22__2024-10-21__b001.json,12e456209722f3f4c53489b06ee403019c4a69c9b9219d1333de14c44dfcaee1,2024-09-22,2024-10-21,ImpoEner,504,False
importaciones_energia_sistema,data\raw\xm\intercambios\importaciones_energia_sistema\importaciones_energia_sistema__2024-10-22__2024-11-20__b001.json,32b13798022db322cd3624e82066376993decb7ee11c59fd98c142da1b8c6ce7,2024-10-22,2024-11-20,ImpoEner,624,False
importaciones_energia_sistema,data\raw\xm\intercambios\importaciones_energia_sistema\importaciones_energia_sistema__2024-11-21__2024-12-20__b001.json,60373fad29d3c7b52ee918c959caeefde096f65b263cdb9a043bff9918fa8984,2024-11-21,2024-12-20,ImpoEner,24,False
importaciones_energia_sistema,data\raw\xm\intercambios\importaciones_energia_sistema\importaciones_energia_sistema__2024-12-21__2025-01-19__b001.json,de848082efd02e96c31352299710b6b5a404c1bafe00aabcc17eb15bbc072a66,2024-12-21,2025-01-19,ImpoEner,96,False
importaciones_energia_sistema,data\raw\xm\intercambios\importaciones_energia_sistema\importaciones_energia_sistema__2025-01-20__2025-02-18__b001.json,b48e0f0fb7c9652e46271664091ad0e9fd7538466c483e2920574a20c97ee99c,2025-01-20,2025-02-18,ImpoEner,360,False
importaciones_energia_sistema,data\raw\xm\intercambios\importaciones_energia_sistema\importaciones_energia_sistema__2025-02-19__2025-03-20__b001.json,ee6c02603243f6c0e9033e8f581a43a73b4dc4418f3acdeb416a79a039d441ab,2025-02-19,2025-03-20,ImpoEner,720,False
importaciones_energia_sistema,data\raw\xm\intercambios\importaciones_energia_sistema\importaciones_energia_sistema__2025-03-21__2025-04-19__b001.json,2b703393360727983a4f65c1373f5d44223deb7f2e40b628ceb80565c3384519,2025-03-21,2025-04-19,ImpoEner,720,False
importaciones_energia_sistema,data\raw\xm\intercambios\importaciones_energia_sistema\importaciones_energia_sistema__2025-04-20__2025-05-19__b001.json,05f9fa824585f16fcdf4ded104955680c56947aa06ea5baea3410f9947099a38,2025-04-20,2025-05-19,ImpoEner,720,False
importaciones_energia_sistema,data\raw\xm\intercambios\importaciones_energia_sistema\importaciones_energia_sistema__2025-05-20__2025-06-18__b001.json,cd0105eb84422b217efb511917eceaf3fd227b4df831153b8b75ca06fbf940a6,2025-05-20,2025-06-18,ImpoEner,720,False
importaciones_energia_sistema,data\raw\xm\intercambios\importaciones_energia_sistema\importaciones_energia_sistema__2025-06-19__2025-07-18__b001.json,d147580560611b138eff30d850f7222d4d04357fa93054a6e7eafc2153cbbb16,2025-06-19,2025-07-18,ImpoEner,720,False
importaciones_energia_sistema,data\raw\xm\intercambios\importaciones_energia_sistema\importaciones_energia_sistema__2025-07-19__2025-08-17__b001.json,896ac100a2fd8aafb386632eb6aad4468c04eb6cc137844a78f59e4a847965b8,2025-07-19,2025-08-17,ImpoEner,720,False
importaciones_energia_sistema,data\raw\xm\intercambios\importaciones_energia_sistema\importaciones_energia_sistema__2025-08-18__2025-09-16__b001.json,eddf6519131f82e5ed7993b09c787ec24f19cb94cd2423a7c17af6aea614b7d7,2025-08-18,2025-09-16,ImpoEner,648,False
importaciones_energia_sistema,data\raw\xm\intercambios\importaciones_energia_sistema\importaciones_energia_sistema__2025-09-17__2025-10-16__b001.json,d1d8171a0a028c1816d029e55a6ebe2b65e36768c82332dc467e24f5eacf64af,2025-09-17,2025-10-16,ImpoEner,672,False
importaciones_energia_sistema,data\raw\xm\intercambios\importaciones_energia_sistema\importaciones_energia_sistema__2025-10-17__2025-11-15__b001.json,ab3672352e242e6412ff7dfebc1ce21b784821c641f503f6c637eb48030a35a3,2025-10-17,2025-11-15,ImpoEner,624,False
importaciones_energia_sistema,data\raw\xm\intercambios\importaciones_energia_sistema\importaciones_energia_sistema__2025-11-16__2025-12-15__b001.json,81fd5c4d95df77e0ff67d5491d656d4b0b5f0a6a493d42696bd1e8bcc8f94410,2025-11-16,2025-12-15,ImpoEner,504,False
importaciones_energia_sistema,data\raw\xm\intercambios\importaciones_energia_sistema\importaciones_energia_sistema__2025-12-16__2026-01-14__b001.json,dec4f971a61a7cb75fe8973a4e16e1869b559c531f9e70610d0e5154da228535,2025-12-16,2026-01-14,ImpoEner,120,False
importaciones_energia_sistema,data\raw\xm\intercambios\importaciones_energia_sistema\importaciones_energia_sistema__2026-01-15__2026-02-13__b001.json,d87c4dd7e305b64e3d6745ec8feb0fd4e97cd7dab244ed374c6c86db5dbecec5,2026-01-15,2026-02-13,ImpoEner,552,False
importaciones_energia_sistema,data\raw\xm\intercambios\importaciones_energia_sistema\importaciones_energia_sistema__2026-02-14__2026-03-15__b001.json,4050a0e9921dbb5936a4ff815f13d0adc9b0f708c6c81de9bd9bcca7efd3731b,2026-02-14,2026-03-15,ImpoEner,720,False
importaciones_energia_sistema,data\raw\xm\intercambios\importaciones_energia_sistema\importaciones_energia_sistema__2026-03-16__2026-04-14__b001.json,ff1ec35ab9259744c5ca3cc2905e5b49fe284abc6ce9ae1924716124e66f6c83,2026-03-16,2026-04-14,ImpoEner,720,False
importaciones_energia_sistema,data\raw\xm\intercambios\importaciones_energia_sistema\importaciones_energia_sistema__2026-04-15__2026-05-14__b001.json,9391f158a4973c383613b6f09f2751204c3bddecaa78dbee5dc1b78a1e8bcb30,2026-04-15,2026-05-14,ImpoEner,720,False
importaciones_energia_sistema,data\raw\xm\intercambios\importaciones_energia_sistema\importaciones_energia_sistema__2026-05-15__2026-06-13__b001.json,c86712f16545e014bb93efe7cddddd94a382d6b4041ed5dd35b43f7dff355997,2026-05-15,2026-06-13,ImpoEner,720,False
importaciones_energia_sistema,data\raw\xm\intercambios\importaciones_energia_sistema\importaciones_energia_sistema__2026-06-14__2026-07-13__b001.json,958fe5ad958349ba74edc2eba094754c8cfae0ac1dcbc11b83bcba51a2b7f604,2026-06-14,2026-07-13,ImpoEner,720,False
exportaciones_energia_sistema,data\raw\xm\intercambios\exportaciones_energia_sistema\exportaciones_energia_sistema__2023-01-01__2023-01-30__b001.json,e389ceb324924d95e71e61cfccddf6e35c5adfffb692c3302d66fbd4cffe929f,2023-01-01,2023-01-30,ExpoEner,720,False
exportaciones_energia_sistema,data\raw\xm\intercambios\exportaciones_energia_sistema\exportaciones_energia_sistema__2023-01-31__2023-03-01__b001.json,30096e0279dacc3c4b4be60d0bd9ef324c9c9238ba3b6755d7b2b5c5ae2c9647,2023-01-31,2023-03-01,ExpoEner,720,False
exportaciones_energia_sistema,data\raw\xm\intercambios\exportaciones_energia_sistema\exportaciones_energia_sistema__2023-03-02__2023-03-31__b001.json,fb8db5f48cec128b2d61f840085f416a8277360a54c9da3eed31148e6b2b64d0,2023-03-02,2023-03-31,ExpoEner,720,False
exportaciones_energia_sistema,data\raw\xm\intercambios\exportaciones_energia_sistema\exportaciones_energia_sistema__2023-04-01__2023-04-30__b001.json,75a73678b2b1645a643f35d80e191ad18032203e53b7bd6d880f64d3e6a549d7,2023-04-01,2023-04-30,ExpoEner,672,False
exportaciones_energia_sistema,data\raw\xm\intercambios\exportaciones_energia_sistema\exportaciones_energia_sistema__2023-05-01__2023-05-30__b001.json,748124d5c9c0fde3cfa8535b43f4e2f4f2f97682c0f5cfa1e5f395d7da99b2f2,2023-05-01,2023-05-30,ExpoEner,408,False
exportaciones_energia_sistema,data\raw\xm\intercambios\exportaciones_energia_sistema\exportaciones_energia_sistema__2023-05-31__2023-06-29__b001.json,c826a4ca6a26fd01e22202e27bc7fd8de7ab96b7b7a4db377acb87f812dfe6f9,2023-05-31,2023-06-29,ExpoEner,600,False
exportaciones_energia_sistema,data\raw\xm\intercambios\exportaciones_energia_sistema\exportaciones_energia_sistema__2023-06-30__2023-07-29__b001.json,0b87abb68214d8eddb25d7e028088d840ba6cf7999a33dbd9f91faff9e17cbc1,2023-06-30,2023-07-29,ExpoEner,312,False
exportaciones_energia_sistema,data\raw\xm\intercambios\exportaciones_energia_sistema\exportaciones_energia_sistema__2023-07-30__2023-08-28__b001.json,53b276a2aadcc527753051bbab04061bcf91d0844ed86ca1833c9c419b237697,2023-07-30,2023-08-28,ExpoEner,600,False
exportaciones_energia_sistema,data\raw\xm\intercambios\exportaciones_energia_sistema\exportaciones_energia_sistema__2023-08-29__2023-09-27__b001.json,e29d8f80b5123f209f8b849a5b0579ad026a46311df3f27fb903d36350924582,2023-08-29,2023-09-27,ExpoEner,720,False
exportaciones_energia_sistema,data\raw\xm\intercambios\exportaciones_energia_sistema\exportaciones_energia_sistema__2023-09-28__2023-10-27__b001.json,3845f57ac340548fcfbf98254db868445ac2840997cb09dc0cd70fb1d66c40e6,2023-09-28,2023-10-27,ExpoEner,720,False
exportaciones_energia_sistema,data\raw\xm\intercambios\exportaciones_energia_sistema\exportaciones_energia_sistema__2023-10-28__2023-11-26__b001.json,000cfc60c3b9afbeb2c506e18af13bcb0ccf02df0c8ae1b17cb6a35af5146352,2023-10-28,2023-11-26,ExpoEner,720,False
exportaciones_energia_sistema,data\raw\xm\intercambios\exportaciones_energia_sistema\exportaciones_energia_sistema__2023-11-27__2023-12-26__b001.json,b02d8275f9228f884bfa813a39709bea0fc3190a2a52cace3525b53fa803db4d,2023-11-27,2023-12-26,ExpoEner,720,False
exportaciones_energia_sistema,data\raw\xm\intercambios\exportaciones_energia_sistema\exportaciones_energia_sistema__2023-12-27__2024-01-25__b001.json,264ea01820cfb7ff7ccda1737dac55db7170f1ad4da2670c06bef43a64eaf97f,2023-12-27,2024-01-25,ExpoEner,720,False
exportaciones_energia_sistema,data\raw\xm\intercambios\exportaciones_energia_sistema\exportaciones_energia_sistema__2024-01-26__2024-02-24__b001.json,8e761f45d25d7fc3bfe7bcfcbad5a62983a75145665111bc417c0d69e2674c9d,2024-01-26,2024-02-24,ExpoEner,696,False
exportaciones_energia_sistema,data\raw\xm\intercambios\exportaciones_energia_sistema\exportaciones_energia_sistema__2024-02-25__2024-03-25__b001.json,3fb8437c975c9802a4906947ec2826c003d54b3593833efa47b037ad3f627f53,2024-02-25,2024-03-25,ExpoEner,720,False
exportaciones_energia_sistema,data\raw\xm\intercambios\exportaciones_energia_sistema\exportaciones_energia_sistema__2024-03-26__2024-04-24__b001.json,cff92d3f58e55e9fd992947500acad6d0a7007032a61c2d7ac271d8ecd3c7e2b,2024-03-26,2024-04-24,ExpoEner,600,False
exportaciones_energia_sistema,data\raw\xm\intercambios\exportaciones_energia_sistema\exportaciones_energia_sistema__2024-04-25__2024-05-24__b001.json,cc40634d9f39340135d25eeb42abcf399aa57dc86bb4b916a6586d9de4785784,2024-04-25,2024-05-24,ExpoEner,648,False
exportaciones_energia_sistema,data\raw\xm\intercambios\exportaciones_energia_sistema\exportaciones_energia_sistema__2024-05-25__2024-06-23__b001.json,860367ec6ba959a562ffa1fafa49c6b15f522427e8002e9b9d61354f712fe389,2024-05-25,2024-06-23,ExpoEner,720,False
exportaciones_energia_sistema,data\raw\xm\intercambios\exportaciones_energia_sistema\exportaciones_energia_sistema__2024-06-24__2024-07-23__b001.json,e61e9f3b29ea830a8779c258bc4e7056412942c41a4fc2cd1ba2c1457d25eef1,2024-06-24,2024-07-23,ExpoEner,696,False
exportaciones_energia_sistema,data\raw\xm\intercambios\exportaciones_energia_sistema\exportaciones_energia_sistema__2024-07-24__2024-08-22__b001.json,ab933561cd1ef2f1d3b3159c7a5d25cdaa6246f3781706994902710b3f2c1f55,2024-07-24,2024-08-22,ExpoEner,720,False
exportaciones_energia_sistema,data\raw\xm\intercambios\exportaciones_energia_sistema\exportaciones_energia_sistema__2024-08-23__2024-09-21__b001.json,7763fa1f156182d75be89e53806212dc877b7dabb92b8636150ea47969b9abdc,2024-08-23,2024-09-21,ExpoEner,720,False
exportaciones_energia_sistema,data\raw\xm\intercambios\exportaciones_energia_sistema\exportaciones_energia_sistema__2024-09-22__2024-10-21__b001.json,e9c84781c84e5d0a6bb434c16d8786dce1e010fe3f84a17e844456942bc3fb6d,2024-09-22,2024-10-21,ExpoEner,720,False
exportaciones_energia_sistema,data\raw\xm\intercambios\exportaciones_energia_sistema\exportaciones_energia_sistema__2024-10-22__2024-11-20__b001.json,19788879fa35523d06c4ab7520a02bc05ad60286b843df4a4edb39c8fa6ca7eb,2024-10-22,2024-11-20,ExpoEner,720,False
exportaciones_energia_sistema,data\raw\xm\intercambios\exportaciones_energia_sistema\exportaciones_energia_sistema__2024-11-21__2024-12-20__b001.json,e293ddb168e2c36d78a7b81dee0935c84819f6e0bbb5cfc3b78058f109a774b0,2024-11-21,2024-12-20,ExpoEner,720,False
exportaciones_energia_sistema,data\raw\xm\intercambios\exportaciones_energia_sistema\exportaciones_energia_sistema__2024-12-21__2025-01-19__b001.json,06f7e90ec5ac72ceef394e3f991d356967fa94666521307dd81c7273d216dc04,2024-12-21,2025-01-19,ExpoEner,720,False
exportaciones_energia_sistema,data\raw\xm\intercambios\exportaciones_energia_sistema\exportaciones_energia_sistema__2025-01-20__2025-02-18__b001.json,3ecc61a5df8ddaaec91a80e69ca0929ef7532c6283ac63b8f13c324b44bb4ecb,2025-01-20,2025-02-18,ExpoEner,720,False
exportaciones_energia_sistema,data\raw\xm\intercambios\exportaciones_energia_sistema\exportaciones_energia_sistema__2025-02-19__2025-03-20__b001.json,fdf28b3a5e6d260dfb78dc086ea7bc481867403063aa280922de280c000fb362,2025-02-19,2025-03-20,ExpoEner,720,False
exportaciones_energia_sistema,data\raw\xm\intercambios\exportaciones_energia_sistema\exportaciones_energia_sistema__2025-03-21__2025-04-19__b001.json,8851cebac77ce9b980505280d660c28a3c762f02f280f1fc093d9122dd1d4af0,2025-03-21,2025-04-19,ExpoEner,720,False
exportaciones_energia_sistema,data\raw\xm\intercambios\exportaciones_energia_sistema\exportaciones_energia_sistema__2025-04-20__2025-05-19__b001.json,b0b294cbf5cbbfe654a64a29cef0a87a17845d7c805b91db0c0e88621d753ae1,2025-04-20,2025-05-19,ExpoEner,720,False
exportaciones_energia_sistema,data\raw\xm\intercambios\exportaciones_energia_sistema\exportaciones_energia_sistema__2025-05-20__2025-06-18__b001.json,25d7b7a6979f6de960671282123091360d34d02b5876e81ffbb202406fd35255,2025-05-20,2025-06-18,ExpoEner,720,False
exportaciones_energia_sistema,data\raw\xm\intercambios\exportaciones_energia_sistema\exportaciones_energia_sistema__2025-06-19__2025-07-18__b001.json,751a605382e40b9c4fe9c95115deba6e1541d67b20e0a4f0ef46be0e4f48801f,2025-06-19,2025-07-18,ExpoEner,720,False
exportaciones_energia_sistema,data\raw\xm\intercambios\exportaciones_energia_sistema\exportaciones_energia_sistema__2025-07-19__2025-08-17__b001.json,b9af0858dc79999319e404f6690ad7df35e921e2b79b588b25406aea719ac5b9,2025-07-19,2025-08-17,ExpoEner,720,False
exportaciones_energia_sistema,data\raw\xm\intercambios\exportaciones_energia_sistema\exportaciones_energia_sistema__2025-08-18__2025-09-16__b001.json,c0e43eaaeae863332d55fbf5608ae1d547f51350efdb27a12d7ea1c0c07774b6,2025-08-18,2025-09-16,ExpoEner,720,False
exportaciones_energia_sistema,data\raw\xm\intercambios\exportaciones_energia_sistema\exportaciones_energia_sistema__2025-09-17__2025-10-16__b001.json,aa53e00b97539e70cc5fa5e4e3f65533f2ee8102497e1e543af8cc8693cd8be7,2025-09-17,2025-10-16,ExpoEner,672,False
exportaciones_energia_sistema,data\raw\xm\intercambios\exportaciones_energia_sistema\exportaciones_energia_sistema__2025-10-17__2025-11-15__b001.json,c225bd8fbd1df31f6316adc056e63aeb96f63c8c14b47788a0cd346f0c94dfbd,2025-10-17,2025-11-15,ExpoEner,696,False
exportaciones_energia_sistema,data\raw\xm\intercambios\exportaciones_energia_sistema\exportaciones_energia_sistema__2025-11-16__2025-12-15__b001.json,c03ef5a916f2b80d1d8052c563c28120e7c0096f3db04040255668b8de36bf10,2025-11-16,2025-12-15,ExpoEner,720,False
exportaciones_energia_sistema,data\raw\xm\intercambios\exportaciones_energia_sistema\exportaciones_energia_sistema__2025-12-16__2026-01-14__b001.json,2fe9b83a4267e7b73c06b44561c25f6dfa6048ce457a4385da63bedb10cb7e99,2025-12-16,2026-01-14,ExpoEner,720,False
exportaciones_energia_sistema,data\raw\xm\intercambios\exportaciones_energia_sistema\exportaciones_energia_sistema__2026-01-15__2026-02-13__b001.json,8b2b6c449f81d70cfb6145eafbd6514cbf4578c7db64ddb4e91c23334e1057de,2026-01-15,2026-02-13,ExpoEner,720,False
exportaciones_energia_sistema,data\raw\xm\intercambios\exportaciones_energia_sistema\exportaciones_energia_sistema__2026-02-14__2026-03-15__b001.json,24bdc05ea350a5757513c6d3fa7c2b6cd3973028ceec953f82d0da27a5c26166,2026-02-14,2026-03-15,ExpoEner,720,False
exportaciones_energia_sistema,data\raw\xm\intercambios\exportaciones_energia_sistema\exportaciones_energia_sistema__2026-03-16__2026-04-14__b001.json,e518691172384b30f0a1ece0922076133377b2306ef21a045ad7a9f316b1cf01,2026-03-16,2026-04-14,ExpoEner,720,False
exportaciones_energia_sistema,data\raw\xm\intercambios\exportaciones_energia_sistema\exportaciones_energia_sistema__2026-04-15__2026-05-14__b001.json,f46958a47e46f2216fe6a6d616996e685fdc401ba23d1221be843458bdb4630f,2026-04-15,2026-05-14,ExpoEner,720,False
exportaciones_energia_sistema,data\raw\xm\intercambios\exportaciones_energia_sistema\exportaciones_energia_sistema__2026-05-15__2026-06-13__b001.json,67e64491a0a7844d8df26ee6cb6f606dec978f314c674c626af8010b94d25646,2026-05-15,2026-06-13,ExpoEner,720,False
exportaciones_energia_sistema,data\raw\xm\intercambios\exportaciones_energia_sistema\exportaciones_energia_sistema__2026-06-14__2026-07-13__b001.json,cfe23fb0856685aa639c2331ab0cde2c1151f42f256ad6206d0849e2f1b398fb,2026-06-14,2026-07-13,ExpoEner,720,False
