target,call_id,raw_path,raw_sha256,normalized_path,records,unit_catalog,unit_effective,unit_override_applied,override_reason,derived_columns,date_min,date_max,covered_code_count,covered_codes
aportes_energia_rio,aportes_energia_rio__2026-06-01__2026-06-07__b001,data\raw\xm\pilot_20260601_20260607_retry1\aportes_energia_rio\aportes_energia_rio__2026-06-01__2026-06-07__b001.json,4be372e6b38871bea4b1749e2ca2844ec62b4da201022a4d0c80724006cb1e66,data\interim\xm\pilot_20260601_20260607_normalized_v2\aportes_energia_rio\aportes_energia_rio__2026-06-01__2026-06-07__b001__normalized_v2.csv,63,kWh,kWh,False,,"[""Value_GWh""]",2026-06-01,2026-06-07,9,"[""A. SAN LORENZO"", ""ALTOANCHICAYA"", ""AMOYA"", ""BATA"", ""BETANIA CP"", ""BOGOTA N.R."", ""CALIMA"", ""CAMPOALEGRE"", ""CARLOS LLERAS""]"
aportes_energia_rio,aportes_energia_rio__2026-06-01__2026-06-07__b002,data\raw\xm\pilot_20260601_20260607_retry1\aportes_energia_rio\aportes_energia_rio__2026-06-01__2026-06-07__b002.json,083a8ab3a0410831c21f7587effb4e04e88bea14b255b8e804a239c90325f983,data\interim\xm\pilot_20260601_20260607_normalized_v2\aportes_energia_rio\aportes_energia_rio__2026-06-01__2026-06-07__b002__normalized_v2.csv,63,kWh,kWh,False,,"[""Value_GWh""]",2026-06-01,2026-06-07,10,"[""CAUCA SALVAJINA"", ""CHINCHINA"", ""CHUZA"", ""CONCEPCION"", ""CUCUANA"", ""DESV. BATATAS"", ""DESV. CHIVOR"", ""DESV. EEPPM (NEC,PAJ,DOL)"", ""DESV. GUARINO"", ""DESV. MANSO""]"
aportes_energia_rio,aportes_energia_rio__2026-06-01__2026-06-07__b003,data\raw\xm\pilot_20260601_20260607_retry1\aportes_energia_rio\aportes_energia_rio__2026-06-01__2026-06-07__b003.json,55a47196afa663b236ad40bfc7f5a8e6ac07c2b3fb9905122fc5bb6110b9c406,data\interim\xm\pilot_20260601_20260607_normalized_v2\aportes_energia_rio\aportes_energia_rio__2026-06-01__2026-06-07__b003__normalized_v2.csv,70,kWh,kWh,False,,"[""Value_GWh""]",2026-06-01,2026-06-07,10,"[""DESV. SAN MARCOS"", ""DIGUA"", ""EL QUIMBO"", ""ESCUELA DE MINAS"", ""ESTRELLA"", ""GRANDE"", ""GUADALUPE"", ""GUATAPE"", ""GUAVIO"", ""ITUANGO""]"
aportes_energia_rio,aportes_energia_rio__2026-06-01__2026-06-07__b004,data\raw\xm\pilot_20260601_20260607_retry1\aportes_energia_rio\aportes_energia_rio__2026-06-01__2026-06-07__b004.json,9ca3f03be80551eac3ca2e6736ebf7319e837346f1fee2f571ad958182d7db0c,data\interim\xm\pilot_20260601_20260607_normalized_v2\aportes_energia_rio\aportes_energia_rio__2026-06-01__2026-06-07__b004__normalized_v2.csv,63,kWh,kWh,False,,"[""Value_GWh""]",2026-06-01,2026-06-07,9,"[""MIEL I"", ""NARE CP"", ""PORCE III"", ""PORCE2 CP"", ""PRADO"", ""QUEBRADONA"", ""SAN CARLOS"", ""SAN EUGENIO"", ""SAN FRANCISCO""]"
aportes_energia_rio,aportes_energia_rio__2026-06-01__2026-06-07__b005,data\raw\xm\pilot_20260601_20260607_retry1\aportes_energia_rio\aportes_energia_rio__2026-06-01__2026-06-07__b005.json,fce1ded8b90c72b7b21f5885d86cdac764e530bf2c911cdb1caf36a7627b9d4e,data\interim\xm\pilot_20260601_20260607_normalized_v2\aportes_energia_rio\aportes_energia_rio__2026-06-01__2026-06-07__b005__normalized_v2.csv,28,kWh,kWh,False,,"[""Value_GWh""]",2026-06-01,2026-06-07,4,"[""SAN MIGUEL"", ""SINU URRA"", ""SOGAMOSO"", ""TENCHE""]"
aportes_energia_sin,aportes_energia_sin__2026-06-01__2026-06-07__b001,data\raw\xm\pilot_20260601_20260607_retry1\aportes_energia_sin\aportes_energia_sin__2026-06-01__2026-06-07__b001.json,fc5a86d736536fdb5181def6043bb2da329567b2eb2585f06de02c389a115597,data\interim\xm\pilot_20260601_20260607_normalized_v2\aportes_energia_sin\aportes_energia_sin__2026-06-01__2026-06-07__b001__normalized_v2.csv,7,kWh,kWh,False,,"[""Value_GWh""]",2026-06-01,2026-06-07,0,[]
capacidad_efectiva_neta_recurso,capacidad_efectiva_neta_recurso__2026-06-01__2026-06-07__b001,data\raw\xm\pilot_20260601_20260607_retry1\capacidad_efectiva_neta_recurso\capacidad_efectiva_neta_recurso__2026-06-01__2026-06-07__b001.json,9cd799285907e8d9361d2f977e0340188fbd7e657ca8b157dcd1faa21536e370,data\interim\xm\pilot_20260601_20260607_normalized_v2\capacidad_efectiva_neta_recurso\capacidad_efectiva_neta_recurso__2026-06-01__2026-06-07__b001__normalized_v2.csv,63,kW,kW,False,,"[""Value_MW""]",2026-06-01,2026-06-07,9,"[""2QEK"", ""3ENA"", ""4YCN"", ""ALBG"", ""CHBG"", ""CHVR"", ""CLL1"", ""CLMG"", ""CTG1""]"
capacidad_efectiva_neta_recurso,capacidad_efectiva_neta_recurso__2026-06-01__2026-06-07__b002,data\raw\xm\pilot_20260601_20260607_retry1\capacidad_efectiva_neta_recurso\capacidad_efectiva_neta_recurso__2026-06-01__2026-06-07__b002.json,b655b2baaae56e4c8109aefe5f259177cb11999be26c4ac113778a2ebbb30aaf,data\interim\xm\pilot_20260601_20260607_normalized_v2\capacidad_efectiva_neta_recurso\capacidad_efectiva_neta_recurso__2026-06-01__2026-06-07__b002__normalized_v2.csv,70,kW,kW,False,,"[""Value_MW""]",2026-06-01,2026-06-07,10,"[""CTG2"", ""CTG3"", ""CUC1"", ""DVS1"", ""ESMR"", ""GE32"", ""GEC3"", ""GTPE"", ""GTRG"", ""GVIO""]"
capacidad_efectiva_neta_recurso,capacidad_efectiva_neta_recurso__2026-06-01__2026-06-07__b003,data\raw\xm\pilot_20260601_20260607_retry1\capacidad_efectiva_neta_recurso\capacidad_efectiva_neta_recurso__2026-06-01__2026-06-07__b003.json,a70460ed4a29861c171b2ae0705fb45aee179d12ba35f6e453d401849b2210c8,data\interim\xm\pilot_20260601_20260607_normalized_v2\capacidad_efectiva_neta_recurso\capacidad_efectiva_neta_recurso__2026-06-01__2026-06-07__b003__normalized_v2.csv,70,kW,kW,False,,"[""Value_MW""]",2026-06-01,2026-06-07,10,"[""HMIN"", ""HMLG"", ""JAGS"", ""LTSJ"", ""MOY1"", ""MRL1"", ""PES1"", ""PGUG"", ""PLYS"", ""PPA1""]"
capacidad_efectiva_neta_recurso,capacidad_efectiva_neta_recurso__2026-06-01__2026-06-07__b004,data\raw\xm\pilot_20260601_20260607_retry1\capacidad_efectiva_neta_recurso\capacidad_efectiva_neta_recurso__2026-06-01__2026-06-07__b004.json,59d3aeed0ba00f8b13bf18aacdd861b2be6f77b98d10663428004ace83570a2b,data\interim\xm\pilot_20260601_20260607_normalized_v2\capacidad_efectiva_neta_recurso\capacidad_efectiva_neta_recurso__2026-06-01__2026-06-07__b004__normalized_v2.csv,70,kW,kW,False,,"[""Value_MW""]",2026-06-01,2026-06-07,10,"[""PPA2"", ""PPA3"", ""PPA4"", ""PRC2"", ""PRC3"", ""PRDO"", ""PRG1"", ""PRG2"", ""QUI1"", ""SLVJ""]"
capacidad_efectiva_neta_recurso,capacidad_efectiva_neta_recurso__2026-06-01__2026-06-07__b005,data\raw\xm\pilot_20260601_20260607_retry1\capacidad_efectiva_neta_recurso\capacidad_efectiva_neta_recurso__2026-06-01__2026-06-07__b005.json,402765b9ba123d3ae2be1ad4270569f8f1477f0b158b007f30a258a6320201fa,data\interim\xm\pilot_20260601_20260607_normalized_v2\capacidad_efectiva_neta_recurso\capacidad_efectiva_neta_recurso__2026-06-01__2026-06-07__b005__normalized_v2.csv,70,kW,kW,False,,"[""Value_MW""]",2026-06-01,2026-06-07,10,"[""SMI1"", ""SNCR"", ""SNFR"", ""SOG1"", ""TBQ3"", ""TBQ4"", ""TBST"", ""TCBE"", ""TCDT"", ""TDR1""]"
capacidad_efectiva_neta_recurso,capacidad_efectiva_neta_recurso__2026-06-01__2026-06-07__b006,data\raw\xm\pilot_20260601_20260607_retry1\capacidad_efectiva_neta_recurso\capacidad_efectiva_neta_recurso__2026-06-01__2026-06-07__b006.json,7831de968bac6817640cf6d50668c28041981b98922358e033cc5db4683ee94a,data\interim\xm\pilot_20260601_20260607_normalized_v2\capacidad_efectiva_neta_recurso\capacidad_efectiva_neta_recurso__2026-06-01__2026-06-07__b006__normalized_v2.csv,70,kW,kW,False,,"[""Value_MW""]",2026-06-01,2026-06-07,10,"[""TEC1"", ""TFL1"", ""TFL4"", ""TGJ1"", ""TGJ2"", ""TRM1"", ""TRN1"", ""TSJ1"", ""TSJ2"", ""TSR1""]"
capacidad_efectiva_neta_recurso,capacidad_efectiva_neta_recurso__2026-06-01__2026-06-07__b007,data\raw\xm\pilot_20260601_20260607_retry1\capacidad_efectiva_neta_recurso\capacidad_efectiva_neta_recurso__2026-06-01__2026-06-07__b007.json,154c16026aa8623a79ba4554528dd21b64343a6b618f5dc3b60e36d1d08da488,data\interim\xm\pilot_20260601_20260607_normalized_v2\capacidad_efectiva_neta_recurso\capacidad_efectiva_neta_recurso__2026-06-01__2026-06-07__b007__normalized_v2.csv,70,kW,kW,False,,"[""Value_MW""]",2026-06-01,2026-06-07,10,"[""TUJ1"", ""TVL1"", ""TYP1"", ""TYP2"", ""TYP3"", ""TYP4"", ""TYP5"", ""URA1"", ""ZPA2"", ""ZPA3""]"
capacidad_efectiva_neta_recurso,capacidad_efectiva_neta_recurso__2026-06-01__2026-06-07__b008,data\raw\xm\pilot_20260601_20260607_retry1\capacidad_efectiva_neta_recurso\capacidad_efectiva_neta_recurso__2026-06-01__2026-06-07__b008.json,c8a4c70ff0346dc5aee4b76c2ffda26cd71103a83b9df0ae2cadb774643263a6,data\interim\xm\pilot_20260601_20260607_normalized_v2\capacidad_efectiva_neta_recurso\capacidad_efectiva_neta_recurso__2026-06-01__2026-06-07__b008__normalized_v2.csv,14,kW,kW,False,,"[""Value_MW""]",2026-06-01,2026-06-07,2,"[""ZPA4"", ""ZPA5""]"
capacidad_util_energia_embalse,capacidad_util_energia_embalse__2026-06-01__2026-06-07__b001,data\raw\xm\pilot_20260601_20260607_retry1\capacidad_util_energia_embalse\capacidad_util_energia_embalse__2026-06-01__2026-06-07__b001.json,6e156824b3f01bb564d7f2642af6c08be0446fa06fa122cae07b740e5c8f7ae1,data\interim\xm\pilot_20260601_20260607_normalized_v2\capacidad_util_energia_embalse\capacidad_util_energia_embalse__2026-06-01__2026-06-07__b001__normalized_v2.csv,63,kWh,kWh,False,,"[""Value_GWh""]",2026-06-01,2026-06-07,9,"[""AGREGADO BOGOTA"", ""ALTOANCHICAYA"", ""AMANI"", ""BETANIA"", ""CALIMA1"", ""CHUZA"", ""EL QUIMBO"", ""ESMERALDA"", ""GUAVIO""]"
capacidad_util_energia_embalse,capacidad_util_energia_embalse__2026-06-01__2026-06-07__b002,data\raw\xm\pilot_20260601_20260607_retry1\capacidad_util_energia_embalse\capacidad_util_energia_embalse__2026-06-01__2026-06-07__b002.json,b357766497956748084c2d27ef31d400ac9a85b0284307589fdced8e0c665c53,data\interim\xm\pilot_20260601_20260607_normalized_v2\capacidad_util_energia_embalse\capacidad_util_energia_embalse__2026-06-01__2026-06-07__b002__normalized_v2.csv,70,kWh,kWh,False,,"[""Value_GWh""]",2026-06-01,2026-06-07,10,"[""ITUANGO"", ""MIRAFLORES"", ""MUNA"", ""PENOL"", ""PLAYAS"", ""PORCE II"", ""PORCE III"", ""PRADO"", ""PUNCHINA"", ""RIOGRANDE2""]"
capacidad_util_energia_embalse,capacidad_util_energia_embalse__2026-06-01__2026-06-07__b003,data\raw\xm\pilot_20260601_20260607_retry1\capacidad_util_energia_embalse\capacidad_util_energia_embalse__2026-06-01__2026-06-07__b003.json,4b3152895f9b0fb628dcb5d73e9e5304c14a00e162db6525f6aa0fa2e90f80ee,data\interim\xm\pilot_20260601_20260607_normalized_v2\capacidad_util_energia_embalse\capacidad_util_energia_embalse__2026-06-01__2026-06-07__b003__normalized_v2.csv,35,kWh,kWh,False,,"[""Value_GWh""]",2026-06-01,2026-06-07,5,"[""SALVAJINA"", ""SAN LORENZO"", ""TOPOCORO"", ""TRONERAS"", ""URRA1""]"
capacidad_util_energia_sin,capacidad_util_energia_sin__2026-06-01__2026-06-07__b001,data\raw\xm\pilot_20260601_20260607_retry1\capacidad_util_energia_sin\capacidad_util_energia_sin__2026-06-01__2026-06-07__b001.json,6e4de092561547a6a37d49c0f9c62be91dbdd56df6ba6078986f386814f28dc8,data\interim\xm\pilot_20260601_20260607_normalized_v2\capacidad_util_energia_sin\capacidad_util_energia_sin__2026-06-01__2026-06-07__b001__normalized_v2.csv,7,kWh,kWh,False,,"[""Value_GWh""]",2026-06-01,2026-06-07,0,[]
demanda_real_sistema_horaria,demanda_real_sistema_horaria__2026-06-01__2026-06-07__b001,data\raw\xm\pilot_20260601_20260607_retry1\demanda_real_sistema_horaria\demanda_real_sistema_horaria__2026-06-01__2026-06-07__b001.json,8fad0aebc6cde9e2e1f3d57b8bf50632681a0bbce815f073cb9c5d272bc1ebfd,data\interim\xm\pilot_20260601_20260607_normalized_v2\demanda_real_sistema_horaria\demanda_real_sistema_horaria__2026-06-01__2026-06-07__b001__normalized_v2.csv,168,kWh,kWh,False,,"[""Value_GWh""]",2026-06-01,2026-06-07,1,"[""Sistema""]"
demanda_sin_diaria,demanda_sin_diaria__2026-06-01__2026-06-07__b001,data\raw\xm\pilot_20260601_20260607_retry1\demanda_sin_diaria\demanda_sin_diaria__2026-06-01__2026-06-07__b001.json,b1a2aa231d130b3d0dec08ddf305d0943139c187b4f549c1b3c6ddb7d1cc5592,data\interim\xm\pilot_20260601_20260607_normalized_v2\demanda_sin_diaria\demanda_sin_diaria__2026-06-01__2026-06-07__b001__normalized_v2.csv,7,kWh,kWh,False,,"[""Value_GWh""]",2026-06-01,2026-06-07,0,[]
disponibilidad_comercial_recurso,disponibilidad_comercial_recurso__2026-06-01__2026-06-07__b001,data\raw\xm\pilot_20260601_20260607_retry1\disponibilidad_comercial_recurso\disponibilidad_comercial_recurso__2026-06-01__2026-06-07__b001.json,3d7f4e3689fef46a52166e69209b7077b37029fa00e580e980fd8f19ceee5179,data\interim\xm\pilot_20260601_20260607_normalized_v2\disponibilidad_comercial_recurso\disponibilidad_comercial_recurso__2026-06-01__2026-06-07__b001__normalized_v2.csv,1680,kW,kW,False,,"[""Value_MW""]",2026-06-01,2026-06-07,10,"[""2QEK"", ""3ENA"", ""4YCN"", ""5QT6"", ""ALBG"", ""CHBG"", ""CHVR"", ""CLL1"", ""CLMG"", ""CTG1""]"
disponibilidad_comercial_recurso,disponibilidad_comercial_recurso__2026-06-01__2026-06-07__b002,data\raw\xm\pilot_20260601_20260607_retry1\disponibilidad_comercial_recurso\disponibilidad_comercial_recurso__2026-06-01__2026-06-07__b002.json,56c42caaf1ed89d1f062d3049b9357894de7b29c06829bab99fb157de939394f,data\interim\xm\pilot_20260601_20260607_normalized_v2\disponibilidad_comercial_recurso\disponibilidad_comercial_recurso__2026-06-01__2026-06-07__b002__normalized_v2.csv,1680,kW,kW,False,,"[""Value_MW""]",2026-06-01,2026-06-07,10,"[""CTG2"", ""CTG3"", ""CUC1"", ""DVS1"", ""ESMR"", ""GE32"", ""GEC3"", ""GTPE"", ""GTRG"", ""GVIO""]"
disponibilidad_comercial_recurso,disponibilidad_comercial_recurso__2026-06-01__2026-06-07__b003,data\raw\xm\pilot_20260601_20260607_retry1\disponibilidad_comercial_recurso\disponibilidad_comercial_recurso__2026-06-01__2026-06-07__b003.json,299ea3ebf8739fdbd677aa2e091cf64755e0913b58cb367bb4301826b29036df,data\interim\xm\pilot_20260601_20260607_normalized_v2\disponibilidad_comercial_recurso\disponibilidad_comercial_recurso__2026-06-01__2026-06-07__b003__normalized_v2.csv,1680,kW,kW,False,,"[""Value_MW""]",2026-06-01,2026-06-07,10,"[""HMIN"", ""HMLG"", ""JAGS"", ""LTSJ"", ""MOY1"", ""MRL1"", ""PES1"", ""PGUG"", ""PLYS"", ""PPA1""]"
disponibilidad_comercial_recurso,disponibilidad_comercial_recurso__2026-06-01__2026-06-07__b004,data\raw\xm\pilot_20260601_20260607_retry1\disponibilidad_comercial_recurso\disponibilidad_comercial_recurso__2026-06-01__2026-06-07__b004.json,3d86524b682372e36d1026c232bf58b3fe6b8bf8afe88316f1978c803be9b878,data\interim\xm\pilot_20260601_20260607_normalized_v2\disponibilidad_comercial_recurso\disponibilidad_comercial_recurso__2026-06-01__2026-06-07__b004__normalized_v2.csv,1680,kW,kW,False,,"[""Value_MW""]",2026-06-01,2026-06-07,10,"[""PPA2"", ""PPA3"", ""PPA4"", ""PRC2"", ""PRC3"", ""PRDO"", ""PRG1"", ""PRG2"", ""QUI1"", ""SLVJ""]"
disponibilidad_comercial_recurso,disponibilidad_comercial_recurso__2026-06-01__2026-06-07__b005,data\raw\xm\pilot_20260601_20260607_retry1\disponibilidad_comercial_recurso\disponibilidad_comercial_recurso__2026-06-01__2026-06-07__b005.json,9c679ef53174eb527be97dc3ae058b0ebdc8eb3fd802f876f30a11edb114996c,data\interim\xm\pilot_20260601_20260607_normalized_v2\disponibilidad_comercial_recurso\disponibilidad_comercial_recurso__2026-06-01__2026-06-07__b005__normalized_v2.csv,1680,kW,kW,False,,"[""Value_MW""]",2026-06-01,2026-06-07,10,"[""SMI1"", ""SNCR"", ""SNFR"", ""SOG1"", ""TBQ3"", ""TBQ4"", ""TBST"", ""TCBE"", ""TCDT"", ""TDR1""]"
disponibilidad_comercial_recurso,disponibilidad_comercial_recurso__2026-06-01__2026-06-07__b006,data\raw\xm\pilot_20260601_20260607_retry1\disponibilidad_comercial_recurso\disponibilidad_comercial_recurso__2026-06-01__2026-06-07__b006.json,3edc2e0fb78e7aaba5ed87d8c31d4563262070c7489bdfff13b212be47ea9b8c,data\interim\xm\pilot_20260601_20260607_normalized_v2\disponibilidad_comercial_recurso\disponibilidad_comercial_recurso__2026-06-01__2026-06-07__b006__normalized_v2.csv,1680,kW,kW,False,,"[""Value_MW""]",2026-06-01,2026-06-07,10,"[""TEC1"", ""TFL1"", ""TFL4"", ""TGJ1"", ""TGJ2"", ""TRM1"", ""TRN1"", ""TSJ1"", ""TSJ2"", ""TSR1""]"
disponibilidad_comercial_recurso,disponibilidad_comercial_recurso__2026-06-01__2026-06-07__b007,data\raw\xm\pilot_20260601_20260607_retry1\disponibilidad_comercial_recurso\disponibilidad_comercial_recurso__2026-06-01__2026-06-07__b007.json,95eb4e7e957696eda0418374c266dc10e296c9a92f057541a9ee4729f65d3629,data\interim\xm\pilot_20260601_20260607_normalized_v2\disponibilidad_comercial_recurso\disponibilidad_comercial_recurso__2026-06-01__2026-06-07__b007__normalized_v2.csv,1680,kW,kW,False,,"[""Value_MW""]",2026-06-01,2026-06-07,10,"[""TUJ1"", ""TVL1"", ""TYP1"", ""TYP2"", ""TYP3"", ""TYP4"", ""TYP5"", ""URA1"", ""ZPA2"", ""ZPA3""]"
disponibilidad_comercial_recurso,disponibilidad_comercial_recurso__2026-06-01__2026-06-07__b008,data\raw\xm\pilot_20260601_20260607_retry1\disponibilidad_comercial_recurso\disponibilidad_comercial_recurso__2026-06-01__2026-06-07__b008.json,e0aeffd7d43ec460263ec58835825e548cfbfa5b014abecbbc741ef6739ffc23,data\interim\xm\pilot_20260601_20260607_normalized_v2\disponibilidad_comercial_recurso\disponibilidad_comercial_recurso__2026-06-01__2026-06-07__b008__normalized_v2.csv,336,kW,kW,False,,"[""Value_MW""]",2026-06-01,2026-06-07,2,"[""ZPA4"", ""ZPA5""]"
disponibilidad_declarada_recurso,disponibilidad_declarada_recurso__2026-06-01__2026-06-07__b001,data\raw\xm\pilot_20260601_20260607_retry1\disponibilidad_declarada_recurso\disponibilidad_declarada_recurso__2026-06-01__2026-06-07__b001.json,fc7d64d52a1427c70c2c71b9dcc24530e4c6b257f6bf0881b9846a60043f94d3,data\interim\xm\pilot_20260601_20260607_normalized_v2\disponibilidad_declarada_recurso\disponibilidad_declarada_recurso__2026-06-01__2026-06-07__b001__normalized_v2.csv,1680,kWh,kW,True,"La magnitud y comportamiento horario coinciden con CapEfecNeta, DispoReal y DispoCome y la descripcion oficial corresponde a potencia neta.","[""Value_MW""]",2026-06-01,2026-06-07,10,"[""2QEK"", ""3ENA"", ""4YCN"", ""5QT6"", ""ALBG"", ""CHBG"", ""CHVR"", ""CLL1"", ""CLMG"", ""CTG1""]"
disponibilidad_declarada_recurso,disponibilidad_declarada_recurso__2026-06-01__2026-06-07__b002,data\raw\xm\pilot_20260601_20260607_retry1\disponibilidad_declarada_recurso\disponibilidad_declarada_recurso__2026-06-01__2026-06-07__b002.json,d14d460165f3defdcbaa4366d9dc191d684e2f9f1c7f468a4ce5ae2e3d45aeb5,data\interim\xm\pilot_20260601_20260607_normalized_v2\disponibilidad_declarada_recurso\disponibilidad_declarada_recurso__2026-06-01__2026-06-07__b002__normalized_v2.csv,1680,kWh,kW,True,"La magnitud y comportamiento horario coinciden con CapEfecNeta, DispoReal y DispoCome y la descripcion oficial corresponde a potencia neta.","[""Value_MW""]",2026-06-01,2026-06-07,10,"[""CTG2"", ""CTG3"", ""CUC1"", ""DVS1"", ""ESMR"", ""GE32"", ""GEC3"", ""GTPE"", ""GTRG"", ""GVIO""]"
disponibilidad_declarada_recurso,disponibilidad_declarada_recurso__2026-06-01__2026-06-07__b003,data\raw\xm\pilot_20260601_20260607_retry1\disponibilidad_declarada_recurso\disponibilidad_declarada_recurso__2026-06-01__2026-06-07__b003.json,c566b83b5a380f26643c570a33ddf46d90a7be424103431a47d3c27d423c24a4,data\interim\xm\pilot_20260601_20260607_normalized_v2\disponibilidad_declarada_recurso\disponibilidad_declarada_recurso__2026-06-01__2026-06-07__b003__normalized_v2.csv,1680,kWh,kW,True,"La magnitud y comportamiento horario coinciden con CapEfecNeta, DispoReal y DispoCome y la descripcion oficial corresponde a potencia neta.","[""Value_MW""]",2026-06-01,2026-06-07,10,"[""HMIN"", ""HMLG"", ""JAGS"", ""LTSJ"", ""MOY1"", ""MRL1"", ""PES1"", ""PGUG"", ""PLYS"", ""PPA1""]"
disponibilidad_declarada_recurso,disponibilidad_declarada_recurso__2026-06-01__2026-06-07__b004,data\raw\xm\pilot_20260601_20260607_retry1\disponibilidad_declarada_recurso\disponibilidad_declarada_recurso__2026-06-01__2026-06-07__b004.json,8e6668bcd6c6224003708aff7daf9eb091cfcb1dd5ffc9ac8742bb1653f08013,data\interim\xm\pilot_20260601_20260607_normalized_v2\disponibilidad_declarada_recurso\disponibilidad_declarada_recurso__2026-06-01__2026-06-07__b004__normalized_v2.csv,1680,kWh,kW,True,"La magnitud y comportamiento horario coinciden con CapEfecNeta, DispoReal y DispoCome y la descripcion oficial corresponde a potencia neta.","[""Value_MW""]",2026-06-01,2026-06-07,10,"[""PPA2"", ""PPA3"", ""PPA4"", ""PRC2"", ""PRC3"", ""PRDO"", ""PRG1"", ""PRG2"", ""QUI1"", ""SLVJ""]"
disponibilidad_declarada_recurso,disponibilidad_declarada_recurso__2026-06-01__2026-06-07__b005,data\raw\xm\pilot_20260601_20260607_retry1\disponibilidad_declarada_recurso\disponibilidad_declarada_recurso__2026-06-01__2026-06-07__b005.json,7e148e9e82962e372688c1d359962a6374267f2e45788b3a07a183ff744a92c6,data\interim\xm\pilot_20260601_20260607_normalized_v2\disponibilidad_declarada_recurso\disponibilidad_declarada_recurso__2026-06-01__2026-06-07__b005__normalized_v2.csv,1680,kWh,kW,True,"La magnitud y comportamiento horario coinciden con CapEfecNeta, DispoReal y DispoCome y la descripcion oficial corresponde a potencia neta.","[""Value_MW""]",2026-06-01,2026-06-07,10,"[""SMI1"", ""SNCR"", ""SNFR"", ""SOG1"", ""TBQ3"", ""TBQ4"", ""TBST"", ""TCBE"", ""TCDT"", ""TDR1""]"
disponibilidad_declarada_recurso,disponibilidad_declarada_recurso__2026-06-01__2026-06-07__b006,data\raw\xm\pilot_20260601_20260607_retry1\disponibilidad_declarada_recurso\disponibilidad_declarada_recurso__2026-06-01__2026-06-07__b006.json,30a1a98b9d78e37616fc0d9ffe36b8839cf92572c1ac0383f4f616734f8e25c5,data\interim\xm\pilot_20260601_20260607_normalized_v2\disponibilidad_declarada_recurso\disponibilidad_declarada_recurso__2026-06-01__2026-06-07__b006__normalized_v2.csv,1680,kWh,kW,True,"La magnitud y comportamiento horario coinciden con CapEfecNeta, DispoReal y DispoCome y la descripcion oficial corresponde a potencia neta.","[""Value_MW""]",2026-06-01,2026-06-07,10,"[""TEC1"", ""TFL1"", ""TFL4"", ""TGJ1"", ""TGJ2"", ""TRM1"", ""TRN1"", ""TSJ1"", ""TSJ2"", ""TSR1""]"
disponibilidad_declarada_recurso,disponibilidad_declarada_recurso__2026-06-01__2026-06-07__b007,data\raw\xm\pilot_20260601_20260607_retry1\disponibilidad_declarada_recurso\disponibilidad_declarada_recurso__2026-06-01__2026-06-07__b007.json,ec131cb5da724b0db5a539d67b87b0aab5ddc277bb37bbac64dcd01a4339c805,data\interim\xm\pilot_20260601_20260607_normalized_v2\disponibilidad_declarada_recurso\disponibilidad_declarada_recurso__2026-06-01__2026-06-07__b007__normalized_v2.csv,1680,kWh,kW,True,"La magnitud y comportamiento horario coinciden con CapEfecNeta, DispoReal y DispoCome y la descripcion oficial corresponde a potencia neta.","[""Value_MW""]",2026-06-01,2026-06-07,10,"[""TUJ1"", ""TVL1"", ""TYP1"", ""TYP2"", ""TYP3"", ""TYP4"", ""TYP5"", ""URA1"", ""ZPA2"", ""ZPA3""]"
disponibilidad_declarada_recurso,disponibilidad_declarada_recurso__2026-06-01__2026-06-07__b008,data\raw\xm\pilot_20260601_20260607_retry1\disponibilidad_declarada_recurso\disponibilidad_declarada_recurso__2026-06-01__2026-06-07__b008.json,498377fd1499cec924ce0f9aef0778d3a5df5109ecbc6fc0123bcaca55fd9033,data\interim\xm\pilot_20260601_20260607_normalized_v2\disponibilidad_declarada_recurso\disponibilidad_declarada_recurso__2026-06-01__2026-06-07__b008__normalized_v2.csv,336,kWh,kW,True,"La magnitud y comportamiento horario coinciden con CapEfecNeta, DispoReal y DispoCome y la descripcion oficial corresponde a potencia neta.","[""Value_MW""]",2026-06-01,2026-06-07,2,"[""ZPA4"", ""ZPA5""]"
disponibilidad_real_recurso,disponibilidad_real_recurso__2026-06-01__2026-06-07__b001,data\raw\xm\pilot_20260601_20260607_retry1\disponibilidad_real_recurso\disponibilidad_real_recurso__2026-06-01__2026-06-07__b001.json,86d38db4c99d5193e562781f39afe67a1c8b8132fbb293c711af148c28b9d635,data\interim\xm\pilot_20260601_20260607_normalized_v2\disponibilidad_real_recurso\disponibilidad_real_recurso__2026-06-01__2026-06-07__b001__normalized_v2.csv,1680,kW,kW,False,,"[""Value_MW""]",2026-06-01,2026-06-07,10,"[""2QEK"", ""3ENA"", ""4YCN"", ""5QT6"", ""ALBG"", ""CHBG"", ""CHVR"", ""CLL1"", ""CLMG"", ""CTG1""]"
disponibilidad_real_recurso,disponibilidad_real_recurso__2026-06-01__2026-06-07__b002,data\raw\xm\pilot_20260601_20260607_retry1\disponibilidad_real_recurso\disponibilidad_real_recurso__2026-06-01__2026-06-07__b002.json,880deb379472a5334513ecda8a2a140256ff3e02d3234bdfa45ae655efc678f0,data\interim\xm\pilot_20260601_20260607_normalized_v2\disponibilidad_real_recurso\disponibilidad_real_recurso__2026-06-01__2026-06-07__b002__normalized_v2.csv,1680,kW,kW,False,,"[""Value_MW""]",2026-06-01,2026-06-07,10,"[""CTG2"", ""CTG3"", ""CUC1"", ""DVS1"", ""ESMR"", ""GE32"", ""GEC3"", ""GTPE"", ""GTRG"", ""GVIO""]"
disponibilidad_real_recurso,disponibilidad_real_recurso__2026-06-01__2026-06-07__b003,data\raw\xm\pilot_20260601_20260607_retry1\disponibilidad_real_recurso\disponibilidad_real_recurso__2026-06-01__2026-06-07__b003.json,461b6a048215fa696132e0707672f66a3f0e04d91b2ab927cd3e4e4298651b32,data\interim\xm\pilot_20260601_20260607_normalized_v2\disponibilidad_real_recurso\disponibilidad_real_recurso__2026-06-01__2026-06-07__b003__normalized_v2.csv,1680,kW,kW,False,,"[""Value_MW""]",2026-06-01,2026-06-07,10,"[""HMIN"", ""HMLG"", ""JAGS"", ""LTSJ"", ""MOY1"", ""MRL1"", ""PES1"", ""PGUG"", ""PLYS"", ""PPA1""]"
disponibilidad_real_recurso,disponibilidad_real_recurso__2026-06-01__2026-06-07__b004,data\raw\xm\pilot_20260601_20260607_retry1\disponibilidad_real_recurso\disponibilidad_real_recurso__2026-06-01__2026-06-07__b004.json,f898c930930d2dcad903c7d3d234e5bdc6128e1928de9f15c303bd8c21789963,data\interim\xm\pilot_20260601_20260607_normalized_v2\disponibilidad_real_recurso\disponibilidad_real_recurso__2026-06-01__2026-06-07__b004__normalized_v2.csv,1680,kW,kW,False,,"[""Value_MW""]",2026-06-01,2026-06-07,10,"[""PPA2"", ""PPA3"", ""PPA4"", ""PRC2"", ""PRC3"", ""PRDO"", ""PRG1"", ""PRG2"", ""QUI1"", ""SLVJ""]"
disponibilidad_real_recurso,disponibilidad_real_recurso__2026-06-01__2026-06-07__b005,data\raw\xm\pilot_20260601_20260607_retry1\disponibilidad_real_recurso\disponibilidad_real_recurso__2026-06-01__2026-06-07__b005.json,de5d2fc7463b34e3078808ecd3b418da0c91efade5780205854b01f31e4b6c68,data\interim\xm\pilot_20260601_20260607_normalized_v2\disponibilidad_real_recurso\disponibilidad_real_recurso__2026-06-01__2026-06-07__b005__normalized_v2.csv,1680,kW,kW,False,,"[""Value_MW""]",2026-06-01,2026-06-07,10,"[""SMI1"", ""SNCR"", ""SNFR"", ""SOG1"", ""TBQ3"", ""TBQ4"", ""TBST"", ""TCBE"", ""TCDT"", ""TDR1""]"
disponibilidad_real_recurso,disponibilidad_real_recurso__2026-06-01__2026-06-07__b006,data\raw\xm\pilot_20260601_20260607_retry1\disponibilidad_real_recurso\disponibilidad_real_recurso__2026-06-01__2026-06-07__b006.json,8cf574f376a678811935648c714f87b2d65a0949e103b0c0f783bed6efc1eb7b,data\interim\xm\pilot_20260601_20260607_normalized_v2\disponibilidad_real_recurso\disponibilidad_real_recurso__2026-06-01__2026-06-07__b006__normalized_v2.csv,1680,kW,kW,False,,"[""Value_MW""]",2026-06-01,2026-06-07,10,"[""TEC1"", ""TFL1"", ""TFL4"", ""TGJ1"", ""TGJ2"", ""TRM1"", ""TRN1"", ""TSJ1"", ""TSJ2"", ""TSR1""]"
disponibilidad_real_recurso,disponibilidad_real_recurso__2026-06-01__2026-06-07__b007,data\raw\xm\pilot_20260601_20260607_retry1\disponibilidad_real_recurso\disponibilidad_real_recurso__2026-06-01__2026-06-07__b007.json,e2d414fda2fe35c3190b4f7a3be36357c0c562bfd6d73efbc429820c88e08191,data\interim\xm\pilot_20260601_20260607_normalized_v2\disponibilidad_real_recurso\disponibilidad_real_recurso__2026-06-01__2026-06-07__b007__normalized_v2.csv,1680,kW,kW,False,,"[""Value_MW""]",2026-06-01,2026-06-07,10,"[""TUJ1"", ""TVL1"", ""TYP1"", ""TYP2"", ""TYP3"", ""TYP4"", ""TYP5"", ""URA1"", ""ZPA2"", ""ZPA3""]"
disponibilidad_real_recurso,disponibilidad_real_recurso__2026-06-01__2026-06-07__b008,data\raw\xm\pilot_20260601_20260607_retry1\disponibilidad_real_recurso\disponibilidad_real_recurso__2026-06-01__2026-06-07__b008.json,d6a66812af378acb43e60cb1ab929070da606ff54dece5615d4d1e7b61efd52c,data\interim\xm\pilot_20260601_20260607_normalized_v2\disponibilidad_real_recurso\disponibilidad_real_recurso__2026-06-01__2026-06-07__b008__normalized_v2.csv,336,kW,kW,False,,"[""Value_MW""]",2026-06-01,2026-06-07,2,"[""ZPA4"", ""ZPA5""]"
exportaciones_energia_sistema,exportaciones_energia_sistema__2026-06-01__2026-06-07__b001,data\raw\xm\pilot_20260601_20260607_retry1\exportaciones_energia_sistema\exportaciones_energia_sistema__2026-06-01__2026-06-07__b001.json,fdd906988be737f434dd46e063c5f81cd51c9a8ff6584b67c04982f49da8f5fb,data\interim\xm\pilot_20260601_20260607_normalized_v2\exportaciones_energia_sistema\exportaciones_energia_sistema__2026-06-01__2026-06-07__b001__normalized_v2.csv,168,kWh,kWh,False,,"[""Value_GWh""]",2026-06-01,2026-06-07,1,"[""Sistema""]"
generacion_real_por_recurso,generacion_real_por_recurso__2026-06-01__2026-06-07__b001,data\raw\xm\pilot_20260601_20260607_retry1\generacion_real_por_recurso\generacion_real_por_recurso__2026-06-01__2026-06-07__b001.json,fa7918bc2b0a65c177d10694f9e1eb25ae535931fd351a8d4bd422dc2f36c796,data\interim\xm\pilot_20260601_20260607_normalized_v2\generacion_real_por_recurso\generacion_real_por_recurso__2026-06-01__2026-06-07__b001__normalized_v2.csv,1176,kWh,kWh,False,,"[""Value_GWh""]",2026-06-01,2026-06-07,8,"[""2QEK"", ""3ENA"", ""4YCN"", ""ALBG"", ""CHBG"", ""CHVR"", ""CLL1"", ""CLMG""]"
generacion_real_por_recurso,generacion_real_por_recurso__2026-06-01__2026-06-07__b002,data\raw\xm\pilot_20260601_20260607_retry1\generacion_real_por_recurso\generacion_real_por_recurso__2026-06-01__2026-06-07__b002.json,85e850542cedaa8f3911d1b2973d5e34be89ae2de50a52d335d2c902d8162e22,data\interim\xm\pilot_20260601_20260607_normalized_v2\generacion_real_por_recurso\generacion_real_por_recurso__2026-06-01__2026-06-07__b002__normalized_v2.csv,1296,kWh,kWh,False,,"[""Value_GWh""]",2026-06-01,2026-06-07,8,"[""CUC1"", ""DVS1"", ""ESMR"", ""GE32"", ""GEC3"", ""GTPE"", ""GTRG"", ""GVIO""]"
generacion_real_por_recurso,generacion_real_por_recurso__2026-06-01__2026-06-07__b003,data\raw\xm\pilot_20260601_20260607_retry1\generacion_real_por_recurso\generacion_real_por_recurso__2026-06-01__2026-06-07__b003.json,8fd3008d7645cd46cecbb7c951042dbf049b704f39f0f795e9ce13bbf9e6cdea,data\interim\xm\pilot_20260601_20260607_normalized_v2\generacion_real_por_recurso\generacion_real_por_recurso__2026-06-01__2026-06-07__b003__normalized_v2.csv,1392,kWh,kWh,False,,"[""Value_GWh""]",2026-06-01,2026-06-07,10,"[""HMIN"", ""HMLG"", ""JAGS"", ""LTSJ"", ""MOY1"", ""MRL1"", ""PES1"", ""PGUG"", ""PLYS"", ""PPA1""]"
generacion_real_por_recurso,generacion_real_por_recurso__2026-06-01__2026-06-07__b004,data\raw\xm\pilot_20260601_20260607_retry1\generacion_real_por_recurso\generacion_real_por_recurso__2026-06-01__2026-06-07__b004.json,6d0738ddc54a2eb4aa87bb712184520096f4532d489580dc9c8f752ab050660f,data\interim\xm\pilot_20260601_20260607_normalized_v2\generacion_real_por_recurso\generacion_real_por_recurso__2026-06-01__2026-06-07__b004__normalized_v2.csv,1296,kWh,kWh,False,,"[""Value_GWh""]",2026-06-01,2026-06-07,9,"[""PPA2"", ""PPA3"", ""PRC2"", ""PRC3"", ""PRDO"", ""PRG1"", ""PRG2"", ""QUI1"", ""SLVJ""]"
generacion_real_por_recurso,generacion_real_por_recurso__2026-06-01__2026-06-07__b005,data\raw\xm\pilot_20260601_20260607_retry1\generacion_real_por_recurso\generacion_real_por_recurso__2026-06-01__2026-06-07__b005.json,c510e531b91c414cee809348e0a3f96ae255068d67342f25b85a427624bbd89b,data\interim\xm\pilot_20260601_20260607_normalized_v2\generacion_real_por_recurso\generacion_real_por_recurso__2026-06-01__2026-06-07__b005__normalized_v2.csv,1128,kWh,kWh,False,,"[""Value_GWh""]",2026-06-01,2026-06-07,8,"[""SMI1"", ""SNCR"", ""SNFR"", ""SOG1"", ""TBQ3"", ""TBQ4"", ""TBST"", ""TCDT""]"
generacion_real_por_recurso,generacion_real_por_recurso__2026-06-01__2026-06-07__b006,data\raw\xm\pilot_20260601_20260607_retry1\generacion_real_por_recurso\generacion_real_por_recurso__2026-06-01__2026-06-07__b006.json,f1e078401b4c929fbc787024a49fac6b79f4ceb0e952bd27c274eb2eff72d988,data\interim\xm\pilot_20260601_20260607_normalized_v2\generacion_real_por_recurso\generacion_real_por_recurso__2026-06-01__2026-06-07__b006__normalized_v2.csv,1128,kWh,kWh,False,,"[""Value_GWh""]",2026-06-01,2026-06-07,8,"[""TEC1"", ""TFL1"", ""TFL4"", ""TGJ1"", ""TGJ2"", ""TRN1"", ""TSJ1"", ""TSJ2""]"
generacion_real_por_recurso,generacion_real_por_recurso__2026-06-01__2026-06-07__b007,data\raw\xm\pilot_20260601_20260607_retry1\generacion_real_por_recurso\generacion_real_por_recurso__2026-06-01__2026-06-07__b007.json,95450442a1e734be31098f6edc711e59cb2dfbefbbebf014879b2ea961247c9c,data\interim\xm\pilot_20260601_20260607_normalized_v2\generacion_real_por_recurso\generacion_real_por_recurso__2026-06-01__2026-06-07__b007__normalized_v2.csv,960,kWh,kWh,False,,"[""Value_GWh""]",2026-06-01,2026-06-07,6,"[""TUJ1"", ""TYP1"", ""TYP2"", ""URA1"", ""ZPA2"", ""ZPA3""]"
generacion_real_por_recurso,generacion_real_por_recurso__2026-06-01__2026-06-07__b008,data\raw\xm\pilot_20260601_20260607_retry1\generacion_real_por_recurso\generacion_real_por_recurso__2026-06-01__2026-06-07__b008.json,2e80f137eb10887c6a55c46bd0b4718c383de9b3fbded067d770973368aa062c,data\interim\xm\pilot_20260601_20260607_normalized_v2\generacion_real_por_recurso\generacion_real_por_recurso__2026-06-01__2026-06-07__b008__normalized_v2.csv,264,kWh,kWh,False,,"[""Value_GWh""]",2026-06-02,2026-06-07,2,"[""ZPA4"", ""ZPA5""]"
generacion_real_total,generacion_real_total__2026-06-01__2026-06-07__b001,data\raw\xm\pilot_20260601_20260607_retry1\generacion_real_total\generacion_real_total__2026-06-01__2026-06-07__b001.json,b7c868bd4daf4e453cc71cc6bdbfd845a534a6f161bf2ec19997f3b9d4776cc6,data\interim\xm\pilot_20260601_20260607_normalized_v2\generacion_real_total\generacion_real_total__2026-06-01__2026-06-07__b001__normalized_v2.csv,168,kWh,kWh,False,,"[""Value_GWh""]",2026-06-01,2026-06-07,1,"[""Sistema""]"
importaciones_energia_sistema,importaciones_energia_sistema__2026-06-01__2026-06-07__b001,data\raw\xm\pilot_20260601_20260607_retry1\importaciones_energia_sistema\importaciones_energia_sistema__2026-06-01__2026-06-07__b001.json,df6afb2e39f9f0f9ff03b29d56318e94929b7eaea90b5c292af9dbc14dd03e76,data\interim\xm\pilot_20260601_20260607_normalized_v2\importaciones_energia_sistema\importaciones_energia_sistema__2026-06-01__2026-06-07__b001__normalized_v2.csv,168,kWh,kWh,False,,"[""Value_GWh""]",2026-06-01,2026-06-07,1,"[""Sistema""]"
volumen_util_energia_embalse,volumen_util_energia_embalse__2026-06-01__2026-06-07__b001,data\raw\xm\pilot_20260601_20260607_retry1\volumen_util_energia_embalse\volumen_util_energia_embalse__2026-06-01__2026-06-07__b001.json,f5bc9d1b201b6aff67e4b952d3560a830a9c93dcb62fb1442b10817dcc209965,data\interim\xm\pilot_20260601_20260607_normalized_v2\volumen_util_energia_embalse\volumen_util_energia_embalse__2026-06-01__2026-06-07__b001__normalized_v2.csv,63,kWh,kWh,False,,"[""Value_GWh""]",2026-06-01,2026-06-07,9,"[""AGREGADO BOGOTA"", ""ALTOANCHICAYA"", ""AMANI"", ""BETANIA"", ""CALIMA1"", ""CHUZA"", ""EL QUIMBO"", ""ESMERALDA"", ""GUAVIO""]"
volumen_util_energia_embalse,volumen_util_energia_embalse__2026-06-01__2026-06-07__b002,data\raw\xm\pilot_20260601_20260607_retry1\volumen_util_energia_embalse\volumen_util_energia_embalse__2026-06-01__2026-06-07__b002.json,0d1ac0b971e56dde719f345d32896665625147144843af499270014371783659,data\interim\xm\pilot_20260601_20260607_normalized_v2\volumen_util_energia_embalse\volumen_util_energia_embalse__2026-06-01__2026-06-07__b002__normalized_v2.csv,70,kWh,kWh,False,,"[""Value_GWh""]",2026-06-01,2026-06-07,10,"[""ITUANGO"", ""MIRAFLORES"", ""MUNA"", ""PENOL"", ""PLAYAS"", ""PORCE II"", ""PORCE III"", ""PRADO"", ""PUNCHINA"", ""RIOGRANDE2""]"
volumen_util_energia_embalse,volumen_util_energia_embalse__2026-06-01__2026-06-07__b003,data\raw\xm\pilot_20260601_20260607_retry1\volumen_util_energia_embalse\volumen_util_energia_embalse__2026-06-01__2026-06-07__b003.json,d30ac9c99e57f940b070877a418636dd9a73cc8ba970f81f44323092300070cf,data\interim\xm\pilot_20260601_20260607_normalized_v2\volumen_util_energia_embalse\volumen_util_energia_embalse__2026-06-01__2026-06-07__b003__normalized_v2.csv,35,kWh,kWh,False,,"[""Value_GWh""]",2026-06-01,2026-06-07,5,"[""SALVAJINA"", ""SAN LORENZO"", ""TOPOCORO"", ""TRONERAS"", ""URRA1""]"
volumen_util_energia_sin,volumen_util_energia_sin__2026-06-01__2026-06-07__b001,data\raw\xm\pilot_20260601_20260607_retry1\volumen_util_energia_sin\volumen_util_energia_sin__2026-06-01__2026-06-07__b001.json,708afdda9a6f1c78529f5058dd9face85a6411faad6680fcddb67f15b3cff243,data\interim\xm\pilot_20260601_20260607_normalized_v2\volumen_util_energia_sin\volumen_util_energia_sin__2026-06-01__2026-06-07__b001__normalized_v2.csv,7,kWh,kWh,False,,"[""Value_GWh""]",2026-06-01,2026-06-07,0,[]
