Date,Id,code,name,Hour,Value,unit_catalog,unit_effective,unit_override_applied,override_reason,Value_GWh
2026-06-01,Recurso,TFL1,,Hour01,66558.68,kWh,kWh,False,,0.06655868
2026-06-01,Recurso,TFL1,,Hour02,66542.68,kWh,kWh,False,,0.06654267999999999
2026-06-01,Recurso,TFL1,,Hour03,66533.88,kWh,kWh,False,,0.06653388
2026-06-01,Recurso,TFL1,,Hour04,62908.78,kWh,kWh,False,,0.06290878
2026-06-01,Recurso,TFL1,,Hour05,531.97,kWh,kWh,False,,0.00053197
2026-06-01,Recurso,TFL1,,Hour06,,kWh,kWh,False,,
2026-06-01,Recurso,TFL1,,Hour07,,kWh,kWh,False,,
2026-06-01,Recurso,TFL1,,Hour08,,kWh,kWh,False,,
2026-06-01,Recurso,TFL1,,Hour09,,kWh,kWh,False,,
2026-06-01,Recurso,TFL1,,Hour10,,kWh,kWh,False,,
2026-06-01,Recurso,TFL1,,Hour11,,kWh,kWh,False,,
2026-06-01,Recurso,TFL1,,Hour12,9357.58,kWh,kWh,False,,0.009357579999999999
2026-06-01,Recurso,TFL1,,Hour13,39246.48,kWh,kWh,False,,0.03924648
2026-06-01,Recurso,TFL1,,Hour14,66598.28,kWh,kWh,False,,0.06659828
2026-06-01,Recurso,TFL1,,Hour15,66580.37,kWh,kWh,False,,0.06658036999999999
2026-06-01,Recurso,TFL1,,Hour16,66556.17,kWh,kWh,False,,0.06655617
2026-06-01,Recurso,TFL1,,Hour17,66596.27,kWh,kWh,False,,0.06659627
2026-06-01,Recurso,TFL1,,Hour18,81165.08,kWh,kWh,False,,0.08116508
2026-06-01,Recurso,TFL1,,Hour19,143291.77,kWh,kWh,False,,0.14329176999999998
2026-06-01,Recurso,TFL1,,Hour20,156554.87,kWh,kWh,False,,0.15655486999999998
2026-06-01,Recurso,TFL1,,Hour21,157538.77,kWh,kWh,False,,0.15753877
2026-06-01,Recurso,TFL1,,Hour22,157882.97,kWh,kWh,False,,0.15788296999999998
2026-06-01,Recurso,TFL1,,Hour23,153474.67,kWh,kWh,False,,0.15347467
2026-06-01,Recurso,TFL1,,Hour24,131451.57,kWh,kWh,False,,0.13145157
2026-06-01,Recurso,TFL4,,Hour01,123570.64,kWh,kWh,False,,0.12357064
2026-06-01,Recurso,TFL4,,Hour02,123554.36,kWh,kWh,False,,0.12355435999999999
2026-06-01,Recurso,TFL4,,Hour03,123500.53,kWh,kWh,False,,0.12350053
2026-06-01,Recurso,TFL4,,Hour04,123611.06,kWh,kWh,False,,0.12361106
2026-06-01,Recurso,TFL4,,Hour05,123490.76,kWh,kWh,False,,0.12349075999999999
2026-06-01,Recurso,TFL4,,Hour06,123623.62,kWh,kWh,False,,0.12362361999999999
2026-06-01,Recurso,TFL4,,Hour07,123697.35,kWh,kWh,False,,0.12369735
2026-06-01,Recurso,TFL4,,Hour08,123917.88,kWh,kWh,False,,0.12391788
2026-06-01,Recurso,TFL4,,Hour09,123982.99,kWh,kWh,False,,0.12398299
2026-06-01,Recurso,TFL4,,Hour10,123980.36,kWh,kWh,False,,0.12398036
2026-06-01,Recurso,TFL4,,Hour11,123458.13,kWh,kWh,False,,0.12345813
2026-06-01,Recurso,TFL4,,Hour12,123317.11,kWh,kWh,False,,0.12331711
2026-06-01,Recurso,TFL4,,Hour13,123376.54,kWh,kWh,False,,0.12337653999999999
2026-06-01,Recurso,TFL4,,Hour14,123319.22,kWh,kWh,False,,0.12331922
2026-06-01,Recurso,TFL4,,Hour15,123268.94,kWh,kWh,False,,0.12326894
2026-06-01,Recurso,TFL4,,Hour16,123167.86,kWh,kWh,False,,0.12316785999999999
2026-06-01,Recurso,TFL4,,Hour17,123202.83,kWh,kWh,False,,0.12320283
2026-06-01,Recurso,TFL4,,Hour18,133852.77,kWh,kWh,False,,0.13385276999999998
2026-06-01,Recurso,TFL4,,Hour19,195499.72,kWh,kWh,False,,0.19549972
2026-06-01,Recurso,TFL4,,Hour20,144872.96,kWh,kWh,False,,0.14487296
2026-06-01,Recurso,TFL4,,Hour21,123870.95,kWh,kWh,False,,0.12387095
2026-06-01,Recurso,TFL4,,Hour22,143456.37,kWh,kWh,False,,0.14345637
2026-06-01,Recurso,TFL4,,Hour23,128533.6,kWh,kWh,False,,0.1285336
2026-06-01,Recurso,TFL4,,Hour24,149586.54,kWh,kWh,False,,0.14958654
2026-06-01,Recurso,TGJ1,,Hour01,141434.66,kWh,kWh,False,,0.14143466
2026-06-01,Recurso,TGJ1,,Hour02,140779.13,kWh,kWh,False,,0.14077913
2026-06-01,Recurso,TGJ1,,Hour03,140789.13,kWh,kWh,False,,0.14078912999999998
2026-06-01,Recurso,TGJ1,,Hour04,140960.29,kWh,kWh,False,,0.14096029
2026-06-01,Recurso,TGJ1,,Hour05,141421.07,kWh,kWh,False,,0.14142107
2026-06-01,Recurso,TGJ1,,Hour06,140873.77,kWh,kWh,False,,0.14087376999999998
2026-06-01,Recurso,TGJ1,,Hour07,82034.71,kWh,kWh,False,,0.08203471
2026-06-01,Recurso,TGJ1,,Hour08,73263.07,kWh,kWh,False,,0.07326307
2026-06-01,Recurso,TGJ1,,Hour09,72796.55,kWh,kWh,False,,0.07279655
2026-06-01,Recurso,TGJ1,,Hour10,73390.62,kWh,kWh,False,,0.07339061999999999
2026-06-01,Recurso,TGJ1,,Hour11,73100.34,kWh,kWh,False,,0.07310034
2026-06-01,Recurso,TGJ1,,Hour12,73154.99,kWh,kWh,False,,0.07315499
2026-06-01,Recurso,TGJ1,,Hour13,73530.09,kWh,kWh,False,,0.07353008999999999
2026-06-01,Recurso,TGJ1,,Hour14,73373.54,kWh,kWh,False,,0.07337353999999999
2026-06-01,Recurso,TGJ1,,Hour15,72763.14,kWh,kWh,False,,0.07276313999999999
2026-06-01,Recurso,TGJ1,,Hour16,72818.33,kWh,kWh,False,,0.07281833
2026-06-01,Recurso,TGJ1,,Hour17,72921.71,kWh,kWh,False,,0.07292171
2026-06-01,Recurso,TGJ1,,Hour18,125547.51,kWh,kWh,False,,0.12554751
2026-06-01,Recurso,TGJ1,,Hour19,141341.97,kWh,kWh,False,,0.14134196999999998
2026-06-01,Recurso,TGJ1,,Hour20,141305.87,kWh,kWh,False,,0.14130587
2026-06-01,Recurso,TGJ1,,Hour21,139577.99,kWh,kWh,False,,0.13957798999999999
2026-06-01,Recurso,TGJ1,,Hour22,139969.57,kWh,kWh,False,,0.13996957
2026-06-01,Recurso,TGJ1,,Hour23,139760.51,kWh,kWh,False,,0.13976051
2026-06-01,Recurso,TGJ1,,Hour24,142122.21,kWh,kWh,False,,0.14212221
2026-06-01,Recurso,TGJ2,,Hour01,84800.05,kWh,kWh,False,,0.08480005
2026-06-01,Recurso,TGJ2,,Hour02,71485.38,kWh,kWh,False,,0.07148538
2026-06-01,Recurso,TGJ2,,Hour03,73845.8,kWh,kWh,False,,0.0738458
2026-06-01,Recurso,TGJ2,,Hour04,74094.5,kWh,kWh,False,,0.0740945
2026-06-01,Recurso,TGJ2,,Hour05,74104.35,kWh,kWh,False,,0.07410435
2026-06-01,Recurso,TGJ2,,Hour06,73104.19,kWh,kWh,False,,0.07310419
2026-06-01,Recurso,TGJ2,,Hour07,72321.82,kWh,kWh,False,,0.07232182000000001
2026-06-01,Recurso,TGJ2,,Hour08,71197.76,kWh,kWh,False,,0.07119775999999998
2026-06-01,Recurso,TGJ2,,Hour09,71507.57,kWh,kWh,False,,0.07150757
2026-06-01,Recurso,TGJ2,,Hour10,72889.63,kWh,kWh,False,,0.07288963
2026-06-01,Recurso,TGJ2,,Hour11,74268.65,kWh,kWh,False,,0.07426864999999999
2026-06-01,Recurso,TGJ2,,Hour12,73572.25,kWh,kWh,False,,0.07357224999999999
2026-06-01,Recurso,TGJ2,,Hour13,73694.63,kWh,kWh,False,,0.07369463
2026-06-01,Recurso,TGJ2,,Hour14,74480.07,kWh,kWh,False,,0.07448007000000001
2026-06-01,Recurso,TGJ2,,Hour15,73296.19,kWh,kWh,False,,0.07329619
2026-06-01,Recurso,TGJ2,,Hour16,73840.74,kWh,kWh,False,,0.07384074
2026-06-01,Recurso,TGJ2,,Hour17,74166.11,kWh,kWh,False,,0.07416611
2026-06-01,Recurso,TGJ2,,Hour18,83181.04,kWh,kWh,False,,0.08318103999999998
2026-06-01,Recurso,TGJ2,,Hour19,127952.84,kWh,kWh,False,,0.12795283999999998
2026-06-01,Recurso,TGJ2,,Hour20,127871.65,kWh,kWh,False,,0.12787164999999998
2026-06-01,Recurso,TGJ2,,Hour21,129401.63,kWh,kWh,False,,0.12940163
2026-06-01,Recurso,TGJ2,,Hour22,129388.18,kWh,kWh,False,,0.12938818
2026-06-01,Recurso,TGJ2,,Hour23,108597.46,kWh,kWh,False,,0.10859746
2026-06-01,Recurso,TGJ2,,Hour24,71682.54,kWh,kWh,False,,0.07168253999999999
2026-06-01,Recurso,TRN1,,Hour01,63930.06,kWh,kWh,False,,0.06393006
2026-06-01,Recurso,TRN1,,Hour02,63951.62,kWh,kWh,False,,0.06395162
2026-06-01,Recurso,TRN1,,Hour03,63929.2,kWh,kWh,False,,0.06392919999999999
2026-06-01,Recurso,TRN1,,Hour04,63935.07,kWh,kWh,False,,0.06393507
2026-06-01,Recurso,TRN1,,Hour05,64107.79,kWh,kWh,False,,0.06410779
2026-06-01,Recurso,TRN1,,Hour06,63473.48,kWh,kWh,False,,0.06347348
2026-06-01,Recurso,TRN1,,Hour07,26652.73,kWh,kWh,False,,0.02665273
2026-06-01,Recurso,TRN1,,Hour08,973.32,kWh,kWh,False,,0.00097332
2026-06-01,Recurso,TRN1,,Hour09,,kWh,kWh,False,,
2026-06-01,Recurso,TRN1,,Hour10,,kWh,kWh,False,,
2026-06-01,Recurso,TRN1,,Hour11,,kWh,kWh,False,,
2026-06-01,Recurso,TRN1,,Hour12,,kWh,kWh,False,,
2026-06-01,Recurso,TRN1,,Hour13,,kWh,kWh,False,,
2026-06-01,Recurso,TRN1,,Hour14,12910.98,kWh,kWh,False,,0.012910979999999999
2026-06-01,Recurso,TRN1,,Hour15,17516.65,kWh,kWh,False,,0.01751665
2026-06-01,Recurso,TRN1,,Hour16,43922.51,kWh,kWh,False,,0.04392251
2026-06-01,Recurso,TRN1,,Hour17,64155.12,kWh,kWh,False,,0.06415512
2026-06-01,Recurso,TRN1,,Hour18,64535.7,kWh,kWh,False,,0.06453569999999999
2026-06-01,Recurso,TRN1,,Hour19,64404.71,kWh,kWh,False,,0.06440470999999999
2026-06-01,Recurso,TRN1,,Hour20,64533.64,kWh,kWh,False,,0.06453364
2026-06-01,Recurso,TRN1,,Hour21,64636.08,kWh,kWh,False,,0.06463608
2026-06-01,Recurso,TRN1,,Hour22,64571.79,kWh,kWh,False,,0.06457179
2026-06-01,Recurso,TRN1,,Hour23,64564.1,kWh,kWh,False,,0.0645641
2026-06-01,Recurso,TRN1,,Hour24,64726.61,kWh,kWh,False,,0.06472661
2026-06-01,Recurso,TSJ1,,Hour01,165769.49,kWh,kWh,False,,0.16576949
2026-06-01,Recurso,TSJ1,,Hour02,165738.68,kWh,kWh,False,,0.16573868
2026-06-01,Recurso,TSJ1,,Hour03,165598.51,kWh,kWh,False,,0.16559851
2026-06-01,Recurso,TSJ1,,Hour04,165502.46,kWh,kWh,False,,0.16550246
2026-06-01,Recurso,TSJ1,,Hour05,165598.79,kWh,kWh,False,,0.16559879
2026-06-01,Recurso,TSJ1,,Hour06,165615.57,kWh,kWh,False,,0.16561557
2026-06-01,Recurso,TSJ1,,Hour07,165574.46,kWh,kWh,False,,0.16557445999999998
2026-06-01,Recurso,TSJ1,,Hour08,165546.59,kWh,kWh,False,,0.16554659
2026-06-01,Recurso,TSJ1,,Hour09,165642.19,kWh,kWh,False,,0.16564219
2026-06-01,Recurso,TSJ1,,Hour10,165438.67,kWh,kWh,False,,0.16543867
2026-06-01,Recurso,TSJ1,,Hour11,165376.06,kWh,kWh,False,,0.16537606
2026-06-01,Recurso,TSJ1,,Hour12,165528.94,kWh,kWh,False,,0.16552893999999999
2026-06-01,Recurso,TSJ1,,Hour13,165650.06,kWh,kWh,False,,0.16565006
2026-06-01,Recurso,TSJ1,,Hour14,165588.68,kWh,kWh,False,,0.16558868
2026-06-01,Recurso,TSJ1,,Hour15,165508.96,kWh,kWh,False,,0.16550895999999998
2026-06-01,Recurso,TSJ1,,Hour16,165531.32,kWh,kWh,False,,0.16553132
2026-06-01,Recurso,TSJ1,,Hour17,165492.86,kWh,kWh,False,,0.16549286
2026-06-01,Recurso,TSJ1,,Hour18,165716.52,kWh,kWh,False,,0.16571651999999998
2026-06-01,Recurso,TSJ1,,Hour19,165604.07,kWh,kWh,False,,0.16560407
2026-06-01,Recurso,TSJ1,,Hour20,165605.29,kWh,kWh,False,,0.16560529
2026-06-01,Recurso,TSJ1,,Hour21,165603.54,kWh,kWh,False,,0.16560354
2026-06-01,Recurso,TSJ1,,Hour22,165442.0,kWh,kWh,False,,0.165442
2026-06-01,Recurso,TSJ1,,Hour23,165698.59,kWh,kWh,False,,0.16569858999999998
2026-06-01,Recurso,TSJ1,,Hour24,165470.84,kWh,kWh,False,,0.16547083999999998
2026-06-01,Recurso,TSJ2,,Hour01,170865.7,kWh,kWh,False,,0.1708657
2026-06-01,Recurso,TSJ2,,Hour02,170610.03,kWh,kWh,False,,0.17061003
2026-06-01,Recurso,TSJ2,,Hour03,170091.59,kWh,kWh,False,,0.17009159
2026-06-01,Recurso,TSJ2,,Hour04,170371.42,kWh,kWh,False,,0.17037142
2026-06-01,Recurso,TSJ2,,Hour05,170718.07,kWh,kWh,False,,0.17071807
2026-06-01,Recurso,TSJ2,,Hour06,170599.87,kWh,kWh,False,,0.17059987
2026-06-01,Recurso,TSJ2,,Hour07,170929.56,kWh,kWh,False,,0.17092955999999998
2026-06-01,Recurso,TSJ2,,Hour08,170665.49,kWh,kWh,False,,0.17066548999999998
2026-06-01,Recurso,TSJ2,,Hour09,170714.69,kWh,kWh,False,,0.17071469
2026-06-01,Recurso,TSJ2,,Hour10,170458.35,kWh,kWh,False,,0.17045835
2026-06-01,Recurso,TSJ2,,Hour11,170605.96,kWh,kWh,False,,0.17060595999999997
2026-06-01,Recurso,TSJ2,,Hour12,170502.87,kWh,kWh,False,,0.17050287
2026-06-01,Recurso,TSJ2,,Hour13,170663.65,kWh,kWh,False,,0.17066365
2026-06-01,Recurso,TSJ2,,Hour14,170582.64,kWh,kWh,False,,0.17058264
2026-06-01,Recurso,TSJ2,,Hour15,170800.69,kWh,kWh,False,,0.17080069
2026-06-01,Recurso,TSJ2,,Hour16,170505.4,kWh,kWh,False,,0.17050539999999997
2026-06-01,Recurso,TSJ2,,Hour17,170673.51,kWh,kWh,False,,0.17067351
2026-06-01,Recurso,TSJ2,,Hour18,169293.49,kWh,kWh,False,,0.16929349
2026-06-01,Recurso,TSJ2,,Hour19,171336.57,kWh,kWh,False,,0.17133657
2026-06-01,Recurso,TSJ2,,Hour20,170364.46,kWh,kWh,False,,0.17036446
2026-06-01,Recurso,TSJ2,,Hour21,170268.71,kWh,kWh,False,,0.17026871
2026-06-01,Recurso,TSJ2,,Hour22,170324.46,kWh,kWh,False,,0.17032445999999998
2026-06-01,Recurso,TSJ2,,Hour23,170354.32,kWh,kWh,False,,0.17035432
2026-06-01,Recurso,TSJ2,,Hour24,170700.57,kWh,kWh,False,,0.17070057
2026-06-02,Recurso,TFL1,,Hour01,80612.37,kWh,kWh,False,,0.08061236999999999
2026-06-02,Recurso,TFL1,,Hour02,66164.88,kWh,kWh,False,,0.06616488
2026-06-02,Recurso,TFL1,,Hour03,66028.88,kWh,kWh,False,,0.06602888
2026-06-02,Recurso,TFL1,,Hour04,66045.78,kWh,kWh,False,,0.06604578
2026-06-02,Recurso,TFL1,,Hour05,66094.98,kWh,kWh,False,,0.06609498
2026-06-02,Recurso,TFL1,,Hour06,19721.97,kWh,kWh,False,,0.019721970000000002
2026-06-02,Recurso,TFL1,,Hour07,,kWh,kWh,False,,
2026-06-02,Recurso,TFL1,,Hour08,,kWh,kWh,False,,
2026-06-02,Recurso,TFL1,,Hour09,,kWh,kWh,False,,
2026-06-02,Recurso,TFL1,,Hour10,,kWh,kWh,False,,
2026-06-02,Recurso,TFL1,,Hour11,,kWh,kWh,False,,
2026-06-02,Recurso,TFL1,,Hour12,,kWh,kWh,False,,
2026-06-02,Recurso,TFL1,,Hour13,,kWh,kWh,False,,
2026-06-02,Recurso,TFL1,,Hour14,,kWh,kWh,False,,
2026-06-02,Recurso,TFL1,,Hour15,,kWh,kWh,False,,
2026-06-02,Recurso,TFL1,,Hour16,,kWh,kWh,False,,
2026-06-02,Recurso,TFL1,,Hour17,9501.38,kWh,kWh,False,,0.009501379999999999
2026-06-02,Recurso,TFL1,,Hour18,30655.78,kWh,kWh,False,,0.030655779999999997
2026-06-02,Recurso,TFL1,,Hour19,65454.68,kWh,kWh,False,,0.06545468
2026-06-02,Recurso,TFL1,,Hour20,66462.58,kWh,kWh,False,,0.06646258
2026-06-02,Recurso,TFL1,,Hour21,66117.58,kWh,kWh,False,,0.06611758
2026-06-02,Recurso,TFL1,,Hour22,66172.68,kWh,kWh,False,,0.06617267999999998
2026-06-02,Recurso,TFL1,,Hour23,66164.47,kWh,kWh,False,,0.06616447
2026-06-02,Recurso,TFL1,,Hour24,66140.88,kWh,kWh,False,,0.06614088
2026-06-02,Recurso,TFL4,,Hour01,161556.81,kWh,kWh,False,,0.16155681
2026-06-02,Recurso,TFL4,,Hour02,188126.3,kWh,kWh,False,,0.18812629999999997
2026-06-02,Recurso,TFL4,,Hour03,135212.27,kWh,kWh,False,,0.13521227
2026-06-02,Recurso,TFL4,,Hour04,122240.66,kWh,kWh,False,,0.12224066
2026-06-02,Recurso,TFL4,,Hour05,68984.53,kWh,kWh,False,,0.06898453
2026-06-02,Recurso,TFL4,,Hour06,,kWh,kWh,False,,
2026-06-02,Recurso,TFL4,,Hour07,,kWh,kWh,False,,
2026-06-02,Recurso,TFL4,,Hour08,,kWh,kWh,False,,
2026-06-02,Recurso,TFL4,,Hour09,,kWh,kWh,False,,
2026-06-02,Recurso,TFL4,,Hour10,16127.01,kWh,kWh,False,,0.01612701
2026-06-02,Recurso,TFL4,,Hour11,30529.23,kWh,kWh,False,,0.030529229999999997
2026-06-02,Recurso,TFL4,,Hour12,45892.63,kWh,kWh,False,,0.04589263
2026-06-02,Recurso,TFL4,,Hour13,76534.34,kWh,kWh,False,,0.07653433999999999
2026-06-02,Recurso,TFL4,,Hour14,122041.55,kWh,kWh,False,,0.12204155
2026-06-02,Recurso,TFL4,,Hour15,122773.01,kWh,kWh,False,,0.12277300999999999
2026-06-02,Recurso,TFL4,,Hour16,122820.91,kWh,kWh,False,,0.12282090999999999
2026-06-02,Recurso,TFL4,,Hour17,122795.0,kWh,kWh,False,,0.122795
2026-06-02,Recurso,TFL4,,Hour18,122776.84,kWh,kWh,False,,0.12277683999999998
2026-06-02,Recurso,TFL4,,Hour19,127082.84,kWh,kWh,False,,0.12708284
2026-06-02,Recurso,TFL4,,Hour20,188138.99,kWh,kWh,False,,0.18813898999999998
2026-06-02,Recurso,TFL4,,Hour21,188949.0,kWh,kWh,False,,0.18894899999999998
2026-06-02,Recurso,TFL4,,Hour22,189068.99,kWh,kWh,False,,0.18906899
2026-06-02,Recurso,TFL4,,Hour23,209922.16,kWh,kWh,False,,0.20992216
2026-06-02,Recurso,TFL4,,Hour24,215787.82,kWh,kWh,False,,0.21578782
2026-06-02,Recurso,TGJ1,,Hour01,90321.02,kWh,kWh,False,,0.09032102
2026-06-02,Recurso,TGJ1,,Hour02,73978.4,kWh,kWh,False,,0.07397839999999999
2026-06-02,Recurso,TGJ1,,Hour03,73948.84,kWh,kWh,False,,0.07394883999999999
2026-06-02,Recurso,TGJ1,,Hour04,74017.98,kWh,kWh,False,,0.07401798
2026-06-02,Recurso,TGJ1,,Hour05,73316.39,kWh,kWh,False,,0.07331639
2026-06-02,Recurso,TGJ1,,Hour06,73516.79,kWh,kWh,False,,0.07351678999999998
2026-06-02,Recurso,TGJ1,,Hour07,73216.33,kWh,kWh,False,,0.07321633
2026-06-02,Recurso,TGJ1,,Hour08,73911.04,kWh,kWh,False,,0.07391103999999998
2026-06-02,Recurso,TGJ1,,Hour09,73851.13,kWh,kWh,False,,0.07385113
2026-06-02,Recurso,TGJ1,,Hour10,72901.16,kWh,kWh,False,,0.07290116
2026-06-02,Recurso,TGJ1,,Hour11,70702.9,kWh,kWh,False,,0.07070289999999999
2026-06-02,Recurso,TGJ1,,Hour12,73732.15,kWh,kWh,False,,0.07373215
2026-06-02,Recurso,TGJ1,,Hour13,73082.19,kWh,kWh,False,,0.07308219
2026-06-02,Recurso,TGJ1,,Hour14,72732.88,kWh,kWh,False,,0.07273288
2026-06-02,Recurso,TGJ1,,Hour15,73335.68,kWh,kWh,False,,0.07333567999999999
2026-06-02,Recurso,TGJ1,,Hour16,72943.85,kWh,kWh,False,,0.07294385
2026-06-02,Recurso,TGJ1,,Hour17,73278.57,kWh,kWh,False,,0.07327857
2026-06-02,Recurso,TGJ1,,Hour18,72849.01,kWh,kWh,False,,0.07284900999999999
2026-06-02,Recurso,TGJ1,,Hour19,72699.03,kWh,kWh,False,,0.07269903
2026-06-02,Recurso,TGJ1,,Hour20,72988.92,kWh,kWh,False,,0.07298892
2026-06-02,Recurso,TGJ1,,Hour21,73051.02,kWh,kWh,False,,0.07305102
2026-06-02,Recurso,TGJ1,,Hour22,72708.17,kWh,kWh,False,,0.07270816999999999
2026-06-02,Recurso,TGJ1,,Hour23,73162.08,kWh,kWh,False,,0.07316208
2026-06-02,Recurso,TGJ1,,Hour24,73225.13,kWh,kWh,False,,0.07322513
2026-06-02,Recurso,TGJ2,,Hour01,69543.1,kWh,kWh,False,,0.0695431
2026-06-02,Recurso,TGJ2,,Hour02,,kWh,kWh,False,,
2026-06-02,Recurso,TGJ2,,Hour03,,kWh,kWh,False,,
2026-06-02,Recurso,TGJ2,,Hour04,,kWh,kWh,False,,
2026-06-02,Recurso,TGJ2,,Hour05,,kWh,kWh,False,,
2026-06-02,Recurso,TGJ2,,Hour06,,kWh,kWh,False,,
2026-06-02,Recurso,TGJ2,,Hour07,,kWh,kWh,False,,
2026-06-02,Recurso,TGJ2,,Hour08,,kWh,kWh,False,,
2026-06-02,Recurso,TGJ2,,Hour09,,kWh,kWh,False,,
2026-06-02,Recurso,TGJ2,,Hour10,,kWh,kWh,False,,
2026-06-02,Recurso,TGJ2,,Hour11,,kWh,kWh,False,,
2026-06-02,Recurso,TGJ2,,Hour12,,kWh,kWh,False,,
2026-06-02,Recurso,TGJ2,,Hour13,,kWh,kWh,False,,
2026-06-02,Recurso,TGJ2,,Hour14,,kWh,kWh,False,,
2026-06-02,Recurso,TGJ2,,Hour15,,kWh,kWh,False,,
2026-06-02,Recurso,TGJ2,,Hour16,,kWh,kWh,False,,
2026-06-02,Recurso,TGJ2,,Hour17,,kWh,kWh,False,,
2026-06-02,Recurso,TGJ2,,Hour18,,kWh,kWh,False,,
2026-06-02,Recurso,TGJ2,,Hour19,,kWh,kWh,False,,
2026-06-02,Recurso,TGJ2,,Hour20,,kWh,kWh,False,,
2026-06-02,Recurso,TGJ2,,Hour21,,kWh,kWh,False,,
2026-06-02,Recurso,TGJ2,,Hour22,,kWh,kWh,False,,
2026-06-02,Recurso,TGJ2,,Hour23,,kWh,kWh,False,,
2026-06-02,Recurso,TGJ2,,Hour24,,kWh,kWh,False,,
2026-06-02,Recurso,TRN1,,Hour01,64435.01,kWh,kWh,False,,0.06443501
2026-06-02,Recurso,TRN1,,Hour02,64718.13,kWh,kWh,False,,0.06471813
2026-06-02,Recurso,TRN1,,Hour03,64564.39,kWh,kWh,False,,0.06456439
2026-06-02,Recurso,TRN1,,Hour04,63515.88,kWh,kWh,False,,0.06351588
2026-06-02,Recurso,TRN1,,Hour05,64702.12,kWh,kWh,False,,0.06470212
2026-06-02,Recurso,TRN1,,Hour06,64643.57,kWh,kWh,False,,0.06464357
2026-06-02,Recurso,TRN1,,Hour07,64466.39,kWh,kWh,False,,0.06446639
2026-06-02,Recurso,TRN1,,Hour08,64680.69,kWh,kWh,False,,0.06468069
2026-06-02,Recurso,TRN1,,Hour09,64580.97,kWh,kWh,False,,0.06458097
2026-06-02,Recurso,TRN1,,Hour10,64285.56,kWh,kWh,False,,0.06428555999999999
2026-06-02,Recurso,TRN1,,Hour11,64530.03,kWh,kWh,False,,0.06453003
2026-06-02,Recurso,TRN1,,Hour12,64611.44,kWh,kWh,False,,0.06461144
2026-06-02,Recurso,TRN1,,Hour13,64151.57,kWh,kWh,False,,0.06415156999999999
2026-06-02,Recurso,TRN1,,Hour14,64443.14,kWh,kWh,False,,0.06444314
2026-06-02,Recurso,TRN1,,Hour15,64332.35,kWh,kWh,False,,0.06433235
2026-06-02,Recurso,TRN1,,Hour16,64611.74,kWh,kWh,False,,0.06461174
2026-06-02,Recurso,TRN1,,Hour17,64439.63,kWh,kWh,False,,0.06443963
2026-06-02,Recurso,TRN1,,Hour18,64437.95,kWh,kWh,False,,0.06443795
2026-06-02,Recurso,TRN1,,Hour19,64518.69,kWh,kWh,False,,0.06451869
2026-06-02,Recurso,TRN1,,Hour20,64382.2,kWh,kWh,False,,0.0643822
2026-06-02,Recurso,TRN1,,Hour21,64364.28,kWh,kWh,False,,0.06436428
2026-06-02,Recurso,TRN1,,Hour22,64763.44,kWh,kWh,False,,0.06476344
2026-06-02,Recurso,TRN1,,Hour23,64738.36,kWh,kWh,False,,0.06473836
2026-06-02,Recurso,TRN1,,Hour24,64724.72,kWh,kWh,False,,0.06472472
2026-06-02,Recurso,TSJ1,,Hour01,165542.06,kWh,kWh,False,,0.16554206
2026-06-02,Recurso,TSJ1,,Hour02,165558.86,kWh,kWh,False,,0.16555885999999997
2026-06-02,Recurso,TSJ1,,Hour03,165433.88,kWh,kWh,False,,0.16543388
2026-06-02,Recurso,TSJ1,,Hour04,165420.4,kWh,kWh,False,,0.1654204
2026-06-02,Recurso,TSJ1,,Hour05,165536.08,kWh,kWh,False,,0.16553607999999997
2026-06-02,Recurso,TSJ1,,Hour06,165613.77,kWh,kWh,False,,0.16561377
2026-06-02,Recurso,TSJ1,,Hour07,165477.44,kWh,kWh,False,,0.16547744
2026-06-02,Recurso,TSJ1,,Hour08,165695.04,kWh,kWh,False,,0.16569504
2026-06-02,Recurso,TSJ1,,Hour09,165430.67,kWh,kWh,False,,0.16543067
2026-06-02,Recurso,TSJ1,,Hour10,165304.52,kWh,kWh,False,,0.16530451999999998
2026-06-02,Recurso,TSJ1,,Hour11,165415.27,kWh,kWh,False,,0.16541526999999998
2026-06-02,Recurso,TSJ1,,Hour12,165536.49,kWh,kWh,False,,0.16553648999999998
2026-06-02,Recurso,TSJ1,,Hour13,165392.52,kWh,kWh,False,,0.16539252
2026-06-02,Recurso,TSJ1,,Hour14,165700.99,kWh,kWh,False,,0.16570099
2026-06-02,Recurso,TSJ1,,Hour15,165536.88,kWh,kWh,False,,0.16553688
2026-06-02,Recurso,TSJ1,,Hour16,165614.49,kWh,kWh,False,,0.16561448999999998
2026-06-02,Recurso,TSJ1,,Hour17,165530.96,kWh,kWh,False,,0.16553095999999998
2026-06-02,Recurso,TSJ1,,Hour18,165715.51,kWh,kWh,False,,0.16571551
2026-06-02,Recurso,TSJ1,,Hour19,165709.54,kWh,kWh,False,,0.16570954
2026-06-02,Recurso,TSJ1,,Hour20,165582.37,kWh,kWh,False,,0.16558236999999998
2026-06-02,Recurso,TSJ1,,Hour21,165747.54,kWh,kWh,False,,0.16574754
2026-06-02,Recurso,TSJ1,,Hour22,165458.11,kWh,kWh,False,,0.16545811
2026-06-02,Recurso,TSJ1,,Hour23,165534.44,kWh,kWh,False,,0.16553444
2026-06-02,Recurso,TSJ1,,Hour24,165509.75,kWh,kWh,False,,0.16550974999999998
2026-06-02,Recurso,TSJ2,,Hour01,170542.51,kWh,kWh,False,,0.17054251
2026-06-02,Recurso,TSJ2,,Hour02,170661.46,kWh,kWh,False,,0.17066146
2026-06-02,Recurso,TSJ2,,Hour03,170625.46,kWh,kWh,False,,0.17062545999999998
2026-06-02,Recurso,TSJ2,,Hour04,169754.76,kWh,kWh,False,,0.16975476
2026-06-02,Recurso,TSJ2,,Hour05,171071.27,kWh,kWh,False,,0.17107126999999997
2026-06-02,Recurso,TSJ2,,Hour06,170749.59,kWh,kWh,False,,0.17074958999999998
2026-06-02,Recurso,TSJ2,,Hour07,170956.19,kWh,kWh,False,,0.17095619
2026-06-02,Recurso,TSJ2,,Hour08,170563.73,kWh,kWh,False,,0.17056373
2026-06-02,Recurso,TSJ2,,Hour09,170688.34,kWh,kWh,False,,0.17068834
2026-06-02,Recurso,TSJ2,,Hour10,170576.3,kWh,kWh,False,,0.1705763
2026-06-02,Recurso,TSJ2,,Hour11,170601.06,kWh,kWh,False,,0.17060106
2026-06-02,Recurso,TSJ2,,Hour12,170656.63,kWh,kWh,False,,0.17065663
2026-06-02,Recurso,TSJ2,,Hour13,170539.26,kWh,kWh,False,,0.17053926
2026-06-02,Recurso,TSJ2,,Hour14,170795.11,kWh,kWh,False,,0.17079510999999997
2026-06-02,Recurso,TSJ2,,Hour15,170860.28,kWh,kWh,False,,0.17086028
2026-06-02,Recurso,TSJ2,,Hour16,170728.6,kWh,kWh,False,,0.1707286
2026-06-02,Recurso,TSJ2,,Hour17,170265.17,kWh,kWh,False,,0.17026517
2026-06-02,Recurso,TSJ2,,Hour18,170822.59,kWh,kWh,False,,0.17082259
2026-06-02,Recurso,TSJ2,,Hour19,170422.02,kWh,kWh,False,,0.17042201999999998
2026-06-02,Recurso,TSJ2,,Hour20,171058.48,kWh,kWh,False,,0.17105848
2026-06-02,Recurso,TSJ2,,Hour21,170896.46,kWh,kWh,False,,0.17089645999999997
2026-06-02,Recurso,TSJ2,,Hour22,170454.84,kWh,kWh,False,,0.17045484
2026-06-02,Recurso,TSJ2,,Hour23,170646.56,kWh,kWh,False,,0.17064656
2026-06-02,Recurso,TSJ2,,Hour24,170680.17,kWh,kWh,False,,0.17068017
2026-06-03,Recurso,TFL1,,Hour01,66116.78,kWh,kWh,False,,0.06611678
2026-06-03,Recurso,TFL1,,Hour02,66094.58,kWh,kWh,False,,0.06609458
2026-06-03,Recurso,TFL1,,Hour03,20182.58,kWh,kWh,False,,0.020182580000000002
2026-06-03,Recurso,TFL1,,Hour04,,kWh,kWh,False,,
2026-06-03,Recurso,TFL1,,Hour05,,kWh,kWh,False,,
2026-06-03,Recurso,TFL1,,Hour06,,kWh,kWh,False,,
2026-06-03,Recurso,TFL1,,Hour07,25286.68,kWh,kWh,False,,0.02528668
2026-06-03,Recurso,TFL1,,Hour08,30670.18,kWh,kWh,False,,0.03067018
2026-06-03,Recurso,TFL1,,Hour09,65125.98,kWh,kWh,False,,0.06512598
2026-06-03,Recurso,TFL1,,Hour10,66132.07,kWh,kWh,False,,0.06613207
2026-06-03,Recurso,TFL1,,Hour11,65716.07,kWh,kWh,False,,0.06571607
2026-06-03,Recurso,TFL1,,Hour12,65675.77,kWh,kWh,False,,0.06567577
2026-06-03,Recurso,TFL1,,Hour13,65722.97,kWh,kWh,False,,0.06572296999999999
2026-06-03,Recurso,TFL1,,Hour14,65716.27,kWh,kWh,False,,0.06571627000000001
2026-06-03,Recurso,TFL1,,Hour15,65700.57,kWh,kWh,False,,0.06570057
2026-06-03,Recurso,TFL1,,Hour16,65667.87,kWh,kWh,False,,0.06566786999999999
2026-06-03,Recurso,TFL1,,Hour17,65619.97,kWh,kWh,False,,0.06561997
2026-06-03,Recurso,TFL1,,Hour18,65556.37,kWh,kWh,False,,0.06555636999999999
2026-06-03,Recurso,TFL1,,Hour19,65574.38,kWh,kWh,False,,0.06557438
2026-06-03,Recurso,TFL1,,Hour20,65582.98,kWh,kWh,False,,0.06558298
2026-06-03,Recurso,TFL1,,Hour21,65574.98,kWh,kWh,False,,0.06557497999999999
2026-06-03,Recurso,TFL1,,Hour22,65590.98,kWh,kWh,False,,0.06559098
2026-06-03,Recurso,TFL1,,Hour23,65630.68,kWh,kWh,False,,0.06563068
2026-06-03,Recurso,TFL1,,Hour24,65676.17,kWh,kWh,False,,0.06567616999999999
2026-06-03,Recurso,TFL4,,Hour01,156866.64,kWh,kWh,False,,0.15686664
2026-06-03,Recurso,TFL4,,Hour02,122449.91,kWh,kWh,False,,0.12244991
2026-06-03,Recurso,TFL4,,Hour03,122403.93,kWh,kWh,False,,0.12240393
2026-06-03,Recurso,TFL4,,Hour04,122395.71,kWh,kWh,False,,0.12239571
2026-06-03,Recurso,TFL4,,Hour05,135478.87,kWh,kWh,False,,0.13547887
2026-06-03,Recurso,TFL4,,Hour06,123220.2,kWh,kWh,False,,0.12322019999999999
2026-06-03,Recurso,TFL4,,Hour07,122856.7,kWh,kWh,False,,0.12285669999999999
2026-06-03,Recurso,TFL4,,Hour08,122863.26,kWh,kWh,False,,0.12286325999999999
2026-06-03,Recurso,TFL4,,Hour09,122868.4,kWh,kWh,False,,0.12286839999999999
2026-06-03,Recurso,TFL4,,Hour10,122960.51,kWh,kWh,False,,0.12296051
2026-06-03,Recurso,TFL4,,Hour11,123131.04,kWh,kWh,False,,0.12313103999999998
2026-06-03,Recurso,TFL4,,Hour12,122997.38,kWh,kWh,False,,0.12299738
2026-06-03,Recurso,TFL4,,Hour13,123110.84,kWh,kWh,False,,0.12311083999999999
2026-06-03,Recurso,TFL4,,Hour14,123073.93,kWh,kWh,False,,0.12307392999999998
2026-06-03,Recurso,TFL4,,Hour15,123036.28,kWh,kWh,False,,0.12303628
2026-06-03,Recurso,TFL4,,Hour16,122935.77,kWh,kWh,False,,0.12293577
2026-06-03,Recurso,TFL4,,Hour17,122849.29,kWh,kWh,False,,0.12284928999999999
2026-06-03,Recurso,TFL4,,Hour18,122866.84,kWh,kWh,False,,0.12286683999999999
2026-06-03,Recurso,TFL4,,Hour19,123186.86,kWh,kWh,False,,0.12318686
2026-06-03,Recurso,TFL4,,Hour20,169277.17,kWh,kWh,False,,0.16927717
2026-06-03,Recurso,TFL4,,Hour21,180060.16,kWh,kWh,False,,0.18006016
2026-06-03,Recurso,TFL4,,Hour22,200584.28,kWh,kWh,False,,0.20058427999999998
2026-06-03,Recurso,TFL4,,Hour23,201155.37,kWh,kWh,False,,0.20115537
2026-06-03,Recurso,TFL4,,Hour24,181109.62,kWh,kWh,False,,0.18110962
2026-06-03,Recurso,TGJ1,,Hour01,74352.88,kWh,kWh,False,,0.07435288
2026-06-03,Recurso,TGJ1,,Hour02,72899.89,kWh,kWh,False,,0.07289989
2026-06-03,Recurso,TGJ1,,Hour03,72503.32,kWh,kWh,False,,0.07250332000000001
2026-06-03,Recurso,TGJ1,,Hour04,73504.6,kWh,kWh,False,,0.0735046
2026-06-03,Recurso,TGJ1,,Hour05,73042.86,kWh,kWh,False,,0.07304286
2026-06-03,Recurso,TGJ1,,Hour06,72909.89,kWh,kWh,False,,0.07290988999999999
2026-06-03,Recurso,TGJ1,,Hour07,73306.1,kWh,kWh,False,,0.0733061
2026-06-03,Recurso,TGJ1,,Hour08,73050.77,kWh,kWh,False,,0.07305077
2026-06-03,Recurso,TGJ1,,Hour09,73137.71,kWh,kWh,False,,0.07313771000000001
2026-06-03,Recurso,TGJ1,,Hour10,73353.32,kWh,kWh,False,,0.07335332
2026-06-03,Recurso,TGJ1,,Hour11,73939.5,kWh,kWh,False,,0.07393949999999999
2026-06-03,Recurso,TGJ1,,Hour12,72517.74,kWh,kWh,False,,0.07251774
2026-06-03,Recurso,TGJ1,,Hour13,72424.96,kWh,kWh,False,,0.07242496
2026-06-03,Recurso,TGJ1,,Hour14,72676.01,kWh,kWh,False,,0.07267600999999999
2026-06-03,Recurso,TGJ1,,Hour15,72706.47,kWh,kWh,False,,0.07270647
2026-06-03,Recurso,TGJ1,,Hour16,73049.64,kWh,kWh,False,,0.07304964
2026-06-03,Recurso,TGJ1,,Hour17,72849.5,kWh,kWh,False,,0.0728495
2026-06-03,Recurso,TGJ1,,Hour18,72178.41,kWh,kWh,False,,0.07217841
2026-06-03,Recurso,TGJ1,,Hour19,72334.59,kWh,kWh,False,,0.07233458999999999
2026-06-03,Recurso,TGJ1,,Hour20,72778.54,kWh,kWh,False,,0.07277853999999999
2026-06-03,Recurso,TGJ1,,Hour21,72273.91,kWh,kWh,False,,0.07227391
2026-06-03,Recurso,TGJ1,,Hour22,72251.33,kWh,kWh,False,,0.07225133
2026-06-03,Recurso,TGJ1,,Hour23,72773.73,kWh,kWh,False,,0.07277373
2026-06-03,Recurso,TGJ1,,Hour24,73576.88,kWh,kWh,False,,0.07357688
2026-06-03,Recurso,TRN1,,Hour01,63182.75,kWh,kWh,False,,0.06318275
2026-06-03,Recurso,TRN1,,Hour02,63796.24,kWh,kWh,False,,0.06379623999999999
2026-06-03,Recurso,TRN1,,Hour03,63868.01,kWh,kWh,False,,0.06386801
2026-06-03,Recurso,TRN1,,Hour04,63860.91,kWh,kWh,False,,0.06386091
2026-06-03,Recurso,TRN1,,Hour05,63913.12,kWh,kWh,False,,0.06391312
2026-06-03,Recurso,TRN1,,Hour06,63898.07,kWh,kWh,False,,0.06389807
2026-06-03,Recurso,TRN1,,Hour07,63782.33,kWh,kWh,False,,0.06378233
2026-06-03,Recurso,TRN1,,Hour08,64287.45,kWh,kWh,False,,0.06428745
2026-06-03,Recurso,TRN1,,Hour09,64375.24,kWh,kWh,False,,0.06437524
2026-06-03,Recurso,TRN1,,Hour10,64380.85,kWh,kWh,False,,0.06438084999999999
2026-06-03,Recurso,TRN1,,Hour11,64525.26,kWh,kWh,False,,0.06452526
2026-06-03,Recurso,TRN1,,Hour12,64283.66,kWh,kWh,False,,0.06428366
2026-06-03,Recurso,TRN1,,Hour13,64379.08,kWh,kWh,False,,0.06437908
2026-06-03,Recurso,TRN1,,Hour14,64538.3,kWh,kWh,False,,0.0645383
2026-06-03,Recurso,TRN1,,Hour15,64554.36,kWh,kWh,False,,0.06455435999999999
2026-06-03,Recurso,TRN1,,Hour16,64439.27,kWh,kWh,False,,0.06443926999999999
2026-06-03,Recurso,TRN1,,Hour17,64277.34,kWh,kWh,False,,0.06427733999999999
2026-06-03,Recurso,TRN1,,Hour18,64348.1,kWh,kWh,False,,0.06434809999999999
2026-06-03,Recurso,TRN1,,Hour19,64632.11,kWh,kWh,False,,0.06463210999999999
2026-06-03,Recurso,TRN1,,Hour20,64694.06,kWh,kWh,False,,0.06469406
2026-06-03,Recurso,TRN1,,Hour21,63529.57,kWh,kWh,False,,0.06352957
2026-06-03,Recurso,TRN1,,Hour22,63748.09,kWh,kWh,False,,0.06374809
2026-06-03,Recurso,TRN1,,Hour23,64554.14,kWh,kWh,False,,0.06455414
2026-06-03,Recurso,TRN1,,Hour24,64609.85,kWh,kWh,False,,0.06460985
2026-06-03,Recurso,TSJ1,,Hour01,165584.69,kWh,kWh,False,,0.16558469
2026-06-03,Recurso,TSJ1,,Hour02,165518.84,kWh,kWh,False,,0.16551884
2026-06-03,Recurso,TSJ1,,Hour03,165533.09,kWh,kWh,False,,0.16553309
2026-06-03,Recurso,TSJ1,,Hour04,165419.51,kWh,kWh,False,,0.16541951
2026-06-03,Recurso,TSJ1,,Hour05,165319.67,kWh,kWh,False,,0.16531967
2026-06-03,Recurso,TSJ1,,Hour06,165393.86,kWh,kWh,False,,0.16539385999999998
2026-06-03,Recurso,TSJ1,,Hour07,165306.68,kWh,kWh,False,,0.16530667999999998
2026-06-03,Recurso,TSJ1,,Hour08,165836.89,kWh,kWh,False,,0.16583689000000001
2026-06-03,Recurso,TSJ1,,Hour09,165961.88,kWh,kWh,False,,0.16596188
2026-06-03,Recurso,TSJ1,,Hour10,165495.06,kWh,kWh,False,,0.16549506
2026-06-03,Recurso,TSJ1,,Hour11,165407.08,kWh,kWh,False,,0.16540707999999998
2026-06-03,Recurso,TSJ1,,Hour12,165370.49,kWh,kWh,False,,0.16537048999999998
2026-06-03,Recurso,TSJ1,,Hour13,165492.66,kWh,kWh,False,,0.16549265999999999
2026-06-03,Recurso,TSJ1,,Hour14,165525.96,kWh,kWh,False,,0.16552595999999997
2026-06-03,Recurso,TSJ1,,Hour15,165666.96,kWh,kWh,False,,0.16566695999999997
2026-06-03,Recurso,TSJ1,,Hour16,165726.01,kWh,kWh,False,,0.16572601
2026-06-03,Recurso,TSJ1,,Hour17,165646.47,kWh,kWh,False,,0.16564647
2026-06-03,Recurso,TSJ1,,Hour18,165518.11,kWh,kWh,False,,0.16551810999999997
2026-06-03,Recurso,TSJ1,,Hour19,165368.59,kWh,kWh,False,,0.16536858999999998
2026-06-03,Recurso,TSJ1,,Hour20,165279.19,kWh,kWh,False,,0.16527919
2026-06-03,Recurso,TSJ1,,Hour21,165300.78,kWh,kWh,False,,0.16530077999999998
2026-06-03,Recurso,TSJ1,,Hour22,165078.11,kWh,kWh,False,,0.16507810999999997
2026-06-03,Recurso,TSJ1,,Hour23,165560.15,kWh,kWh,False,,0.16556015
2026-06-03,Recurso,TSJ1,,Hour24,165293.68,kWh,kWh,False,,0.16529368
2026-06-03,Recurso,TSJ2,,Hour01,170788.59,kWh,kWh,False,,0.17078859
2026-06-03,Recurso,TSJ2,,Hour02,170158.57,kWh,kWh,False,,0.17015857
2026-06-03,Recurso,TSJ2,,Hour03,170534.98,kWh,kWh,False,,0.17053498
2026-06-03,Recurso,TSJ2,,Hour04,170289.9,kWh,kWh,False,,0.1702899
2026-06-03,Recurso,TSJ2,,Hour05,169672.16,kWh,kWh,False,,0.16967216
2026-06-03,Recurso,TSJ2,,Hour06,172196.12,kWh,kWh,False,,0.17219611999999998
2026-06-03,Recurso,TSJ2,,Hour07,170270.58,kWh,kWh,False,,0.17027057999999998
2026-06-03,Recurso,TSJ2,,Hour08,170426.26,kWh,kWh,False,,0.17042626
2026-06-03,Recurso,TSJ2,,Hour09,170439.85,kWh,kWh,False,,0.17043985
2026-06-03,Recurso,TSJ2,,Hour10,168807.96,kWh,kWh,False,,0.16880795999999998
2026-06-03,Recurso,TSJ2,,Hour11,169983.23,kWh,kWh,False,,0.16998323
2026-06-03,Recurso,TSJ2,,Hour12,169558.95,kWh,kWh,False,,0.16955895
2026-06-03,Recurso,TSJ2,,Hour13,169750.1,kWh,kWh,False,,0.1697501
2026-06-03,Recurso,TSJ2,,Hour14,170142.71,kWh,kWh,False,,0.17014270999999997
2026-06-03,Recurso,TSJ2,,Hour15,170357.15,kWh,kWh,False,,0.17035714999999998
2026-06-03,Recurso,TSJ2,,Hour16,171085.41,kWh,kWh,False,,0.17108541
2026-06-03,Recurso,TSJ2,,Hour17,170430.99,kWh,kWh,False,,0.17043098999999998
2026-06-03,Recurso,TSJ2,,Hour18,171326.98,kWh,kWh,False,,0.17132698
2026-06-03,Recurso,TSJ2,,Hour19,170658.77,kWh,kWh,False,,0.17065877
2026-06-03,Recurso,TSJ2,,Hour20,170329.93,kWh,kWh,False,,0.17032993
2026-06-03,Recurso,TSJ2,,Hour21,170749.16,kWh,kWh,False,,0.17074915999999998
2026-06-03,Recurso,TSJ2,,Hour22,170793.46,kWh,kWh,False,,0.17079345999999998
2026-06-03,Recurso,TSJ2,,Hour23,169260.42,kWh,kWh,False,,0.16926042
2026-06-03,Recurso,TSJ2,,Hour24,170454.25,kWh,kWh,False,,0.17045425
2026-06-04,Recurso,TEC1,,Hour01,,kWh,kWh,False,,
2026-06-04,Recurso,TEC1,,Hour02,,kWh,kWh,False,,
2026-06-04,Recurso,TEC1,,Hour03,3910.62,kWh,kWh,False,,0.00391062
2026-06-04,Recurso,TEC1,,Hour04,50690.0,kWh,kWh,False,,0.05069
2026-06-04,Recurso,TEC1,,Hour05,59350.0,kWh,kWh,False,,0.05935
2026-06-04,Recurso,TEC1,,Hour06,141500.0,kWh,kWh,False,,0.1415
2026-06-04,Recurso,TEC1,,Hour07,166400.0,kWh,kWh,False,,0.1664
2026-06-04,Recurso,TEC1,,Hour08,179280.0,kWh,kWh,False,,0.17928
2026-06-04,Recurso,TEC1,,Hour09,182330.0,kWh,kWh,False,,0.18233
2026-06-04,Recurso,TEC1,,Hour10,197300.0,kWh,kWh,False,,0.1973
2026-06-04,Recurso,TEC1,,Hour11,196200.0,kWh,kWh,False,,0.19619999999999999
2026-06-04,Recurso,TEC1,,Hour12,195370.0,kWh,kWh,False,,0.19537
2026-06-04,Recurso,TEC1,,Hour13,123327.38,kWh,kWh,False,,0.12332738
2026-06-04,Recurso,TEC1,,Hour14,,kWh,kWh,False,,
2026-06-04,Recurso,TEC1,,Hour15,,kWh,kWh,False,,
2026-06-04,Recurso,TEC1,,Hour16,,kWh,kWh,False,,
2026-06-04,Recurso,TEC1,,Hour17,,kWh,kWh,False,,
2026-06-04,Recurso,TEC1,,Hour18,,kWh,kWh,False,,
2026-06-04,Recurso,TEC1,,Hour19,,kWh,kWh,False,,
2026-06-04,Recurso,TEC1,,Hour20,,kWh,kWh,False,,
2026-06-04,Recurso,TEC1,,Hour21,,kWh,kWh,False,,
2026-06-04,Recurso,TEC1,,Hour22,,kWh,kWh,False,,
2026-06-04,Recurso,TEC1,,Hour23,,kWh,kWh,False,,
2026-06-04,Recurso,TEC1,,Hour24,,kWh,kWh,False,,
2026-06-04,Recurso,TFL1,,Hour01,65597.78,kWh,kWh,False,,0.06559778
2026-06-04,Recurso,TFL1,,Hour02,20037.28,kWh,kWh,False,,0.020037279999999998
2026-06-04,Recurso,TFL1,,Hour03,,kWh,kWh,False,,
2026-06-04,Recurso,TFL1,,Hour04,,kWh,kWh,False,,
2026-06-04,Recurso,TFL1,,Hour05,,kWh,kWh,False,,
2026-06-04,Recurso,TFL1,,Hour06,,kWh,kWh,False,,
2026-06-04,Recurso,TFL1,,Hour07,,kWh,kWh,False,,
2026-06-04,Recurso,TFL1,,Hour08,,kWh,kWh,False,,
2026-06-04,Recurso,TFL1,,Hour09,,kWh,kWh,False,,
2026-06-04,Recurso,TFL1,,Hour10,16552.08,kWh,kWh,False,,0.01655208
2026-06-04,Recurso,TFL1,,Hour11,30639.18,kWh,kWh,False,,0.03063918
2026-06-04,Recurso,TFL1,,Hour12,65013.98,kWh,kWh,False,,0.06501398
2026-06-04,Recurso,TFL1,,Hour13,65685.98,kWh,kWh,False,,0.06568597999999999
2026-06-04,Recurso,TFL1,,Hour14,65636.27,kWh,kWh,False,,0.06563627
2026-06-04,Recurso,TFL1,,Hour15,65715.67,kWh,kWh,False,,0.06571566999999999
2026-06-04,Recurso,TFL1,,Hour16,65635.97,kWh,kWh,False,,0.06563597
2026-06-04,Recurso,TFL1,,Hour17,65628.37,kWh,kWh,False,,0.06562836999999999
2026-06-04,Recurso,TFL1,,Hour18,65637.88,kWh,kWh,False,,0.06563788
2026-06-04,Recurso,TFL1,,Hour19,65614.58,kWh,kWh,False,,0.06561458
2026-06-04,Recurso,TFL1,,Hour20,65622.78,kWh,kWh,False,,0.06562277999999999
2026-06-04,Recurso,TFL1,,Hour21,66166.68,kWh,kWh,False,,0.06616667999999999
2026-06-04,Recurso,TFL1,,Hour22,66574.88,kWh,kWh,False,,0.06657488
2026-06-04,Recurso,TFL1,,Hour23,66574.78,kWh,kWh,False,,0.06657478
2026-06-04,Recurso,TFL1,,Hour24,66565.18,kWh,kWh,False,,0.06656517999999999
2026-06-04,Recurso,TFL4,,Hour01,123846.95,kWh,kWh,False,,0.12384695
2026-06-04,Recurso,TFL4,,Hour02,123679.93,kWh,kWh,False,,0.12367993
2026-06-04,Recurso,TFL4,,Hour03,123097.64,kWh,kWh,False,,0.12309764
2026-06-04,Recurso,TFL4,,Hour04,123030.04,kWh,kWh,False,,0.12303004
2026-06-04,Recurso,TFL4,,Hour05,71604.06,kWh,kWh,False,,0.07160406
2026-06-04,Recurso,TFL4,,Hour06,,kWh,kWh,False,,
2026-06-04,Recurso,TFL4,,Hour07,,kWh,kWh,False,,
2026-06-04,Recurso,TFL4,,Hour08,,kWh,kWh,False,,
2026-06-04,Recurso,TFL4,,Hour09,,kWh,kWh,False,,
2026-06-04,Recurso,TFL4,,Hour10,,kWh,kWh,False,,
2026-06-04,Recurso,TFL4,,Hour11,15051.84,kWh,kWh,False,,0.015051839999999999
2026-06-04,Recurso,TFL4,,Hour12,30647.11,kWh,kWh,False,,0.030647109999999998
2026-06-04,Recurso,TFL4,,Hour13,45942.43,kWh,kWh,False,,0.04594243
2026-06-04,Recurso,TFL4,,Hour14,75840.59,kWh,kWh,False,,0.07584059
2026-06-04,Recurso,TFL4,,Hour15,120763.59,kWh,kWh,False,,0.12076358999999999
2026-06-04,Recurso,TFL4,,Hour16,121513.43,kWh,kWh,False,,0.12151342999999999
2026-06-04,Recurso,TFL4,,Hour17,121650.68,kWh,kWh,False,,0.12165067999999998
2026-06-04,Recurso,TFL4,,Hour18,121688.86,kWh,kWh,False,,0.12168886
2026-06-04,Recurso,TFL4,,Hour19,121650.53,kWh,kWh,False,,0.12165052999999999
2026-06-04,Recurso,TFL4,,Hour20,121615.22,kWh,kWh,False,,0.12161522
2026-06-04,Recurso,TFL4,,Hour21,122612.45,kWh,kWh,False,,0.12261245
2026-06-04,Recurso,TFL4,,Hour22,122863.72,kWh,kWh,False,,0.12286372
2026-06-04,Recurso,TFL4,,Hour23,122835.13,kWh,kWh,False,,0.12283513
2026-06-04,Recurso,TFL4,,Hour24,122988.67,kWh,kWh,False,,0.12298867
2026-06-04,Recurso,TGJ1,,Hour01,72086.09,kWh,kWh,False,,0.07208608999999999
2026-06-04,Recurso,TGJ1,,Hour02,71906.67,kWh,kWh,False,,0.07190666999999999
2026-06-04,Recurso,TGJ1,,Hour03,72096.25,kWh,kWh,False,,0.07209625
2026-06-04,Recurso,TGJ1,,Hour04,72150.45,kWh,kWh,False,,0.07215044999999999
2026-06-04,Recurso,TGJ1,,Hour05,73400.72,kWh,kWh,False,,0.07340072
2026-06-04,Recurso,TGJ1,,Hour06,73406.37,kWh,kWh,False,,0.07340637
2026-06-04,Recurso,TGJ1,,Hour07,73707.3,kWh,kWh,False,,0.0737073
2026-06-04,Recurso,TGJ1,,Hour08,74004.28,kWh,kWh,False,,0.07400427999999999
2026-06-04,Recurso,TGJ1,,Hour09,74044.78,kWh,kWh,False,,0.07404477999999999
2026-06-04,Recurso,TGJ1,,Hour10,73506.42,kWh,kWh,False,,0.07350641999999999
2026-06-04,Recurso,TGJ1,,Hour11,73920.24,kWh,kWh,False,,0.07392024
2026-06-04,Recurso,TGJ1,,Hour12,74347.53,kWh,kWh,False,,0.07434753
2026-06-04,Recurso,TGJ1,,Hour13,74203.93,kWh,kWh,False,,0.07420392999999999
2026-06-04,Recurso,TGJ1,,Hour14,73223.18,kWh,kWh,False,,0.07322317999999998
2026-06-04,Recurso,TGJ1,,Hour15,72996.27,kWh,kWh,False,,0.07299627
2026-06-04,Recurso,TGJ1,,Hour16,73769.14,kWh,kWh,False,,0.07376914
2026-06-04,Recurso,TGJ1,,Hour17,72657.57,kWh,kWh,False,,0.07265757
2026-06-04,Recurso,TGJ1,,Hour18,71890.01,kWh,kWh,False,,0.07189000999999999
2026-06-04,Recurso,TGJ1,,Hour19,71460.08,kWh,kWh,False,,0.07146008
2026-06-04,Recurso,TGJ1,,Hour20,72385.21,kWh,kWh,False,,0.07238521
2026-06-04,Recurso,TGJ1,,Hour21,73229.87,kWh,kWh,False,,0.07322986999999999
2026-06-04,Recurso,TGJ1,,Hour22,73446.75,kWh,kWh,False,,0.07344674999999999
2026-06-04,Recurso,TGJ1,,Hour23,73307.7,kWh,kWh,False,,0.07330769999999999
2026-06-04,Recurso,TGJ1,,Hour24,72747.33,kWh,kWh,False,,0.07274733
2026-06-04,Recurso,TRN1,,Hour01,64821.06,kWh,kWh,False,,0.06482106
2026-06-04,Recurso,TRN1,,Hour02,64769.71,kWh,kWh,False,,0.06476971
2026-06-04,Recurso,TRN1,,Hour03,64816.89,kWh,kWh,False,,0.06481689
2026-06-04,Recurso,TRN1,,Hour04,64843.03,kWh,kWh,False,,0.06484303
2026-06-04,Recurso,TRN1,,Hour05,64606.28,kWh,kWh,False,,0.06460628
2026-06-04,Recurso,TRN1,,Hour06,64676.09,kWh,kWh,False,,0.06467608999999999
2026-06-04,Recurso,TRN1,,Hour07,64345.71,kWh,kWh,False,,0.06434571
2026-06-04,Recurso,TRN1,,Hour08,64815.52,kWh,kWh,False,,0.06481551999999999
2026-06-04,Recurso,TRN1,,Hour09,63366.16,kWh,kWh,False,,0.06336616
2026-06-04,Recurso,TRN1,,Hour10,63297.09,kWh,kWh,False,,0.06329709
2026-06-04,Recurso,TRN1,,Hour11,63296.47,kWh,kWh,False,,0.06329647
2026-06-04,Recurso,TRN1,,Hour12,62724.66,kWh,kWh,False,,0.06272466
2026-06-04,Recurso,TRN1,,Hour13,64554.98,kWh,kWh,False,,0.06455498
2026-06-04,Recurso,TRN1,,Hour14,64573.87,kWh,kWh,False,,0.06457387
2026-06-04,Recurso,TRN1,,Hour15,64825.19,kWh,kWh,False,,0.06482519
2026-06-04,Recurso,TRN1,,Hour16,64763.54,kWh,kWh,False,,0.06476354
2026-06-04,Recurso,TRN1,,Hour17,64809.47,kWh,kWh,False,,0.06480947
2026-06-04,Recurso,TRN1,,Hour18,64811.06,kWh,kWh,False,,0.06481105999999999
2026-06-04,Recurso,TRN1,,Hour19,64860.81,kWh,kWh,False,,0.06486080999999999
2026-06-04,Recurso,TRN1,,Hour20,64608.0,kWh,kWh,False,,0.064608
2026-06-04,Recurso,TRN1,,Hour21,64557.21,kWh,kWh,False,,0.06455720999999999
2026-06-04,Recurso,TRN1,,Hour22,64492.04,kWh,kWh,False,,0.06449204
2026-06-04,Recurso,TRN1,,Hour23,64542.06,kWh,kWh,False,,0.06454206
2026-06-04,Recurso,TRN1,,Hour24,64703.87,kWh,kWh,False,,0.06470387
2026-06-04,Recurso,TSJ1,,Hour01,165752.46,kWh,kWh,False,,0.16575246
2026-06-04,Recurso,TSJ1,,Hour02,165201.59,kWh,kWh,False,,0.16520158999999998
2026-06-04,Recurso,TSJ1,,Hour03,165331.89,kWh,kWh,False,,0.16533189
2026-06-04,Recurso,TSJ1,,Hour04,165249.72,kWh,kWh,False,,0.16524972
2026-06-04,Recurso,TSJ1,,Hour05,165395.93,kWh,kWh,False,,0.16539593
2026-06-04,Recurso,TSJ1,,Hour06,165282.19,kWh,kWh,False,,0.16528219
2026-06-04,Recurso,TSJ1,,Hour07,165410.5,kWh,kWh,False,,0.1654105
2026-06-04,Recurso,TSJ1,,Hour08,165562.23,kWh,kWh,False,,0.16556223
2026-06-04,Recurso,TSJ1,,Hour09,165414.49,kWh,kWh,False,,0.16541448999999997
2026-06-04,Recurso,TSJ1,,Hour10,165331.61,kWh,kWh,False,,0.16533161
2026-06-04,Recurso,TSJ1,,Hour11,165433.96,kWh,kWh,False,,0.16543396
2026-06-04,Recurso,TSJ1,,Hour12,165491.64,kWh,kWh,False,,0.16549164
2026-06-04,Recurso,TSJ1,,Hour13,165692.91,kWh,kWh,False,,0.16569291
2026-06-04,Recurso,TSJ1,,Hour14,165537.11,kWh,kWh,False,,0.16553711
2026-06-04,Recurso,TSJ1,,Hour15,165177.32,kWh,kWh,False,,0.16517732
2026-06-04,Recurso,TSJ1,,Hour16,165267.03,kWh,kWh,False,,0.16526702999999998
2026-06-04,Recurso,TSJ1,,Hour17,165605.77,kWh,kWh,False,,0.16560576999999999
2026-06-04,Recurso,TSJ1,,Hour18,165602.95,kWh,kWh,False,,0.16560295
2026-06-04,Recurso,TSJ1,,Hour19,165338.62,kWh,kWh,False,,0.16533862
2026-06-04,Recurso,TSJ1,,Hour20,165712.68,kWh,kWh,False,,0.16571267999999997
2026-06-04,Recurso,TSJ1,,Hour21,165408.17,kWh,kWh,False,,0.16540817
2026-06-04,Recurso,TSJ1,,Hour22,165707.14,kWh,kWh,False,,0.16570714
2026-06-04,Recurso,TSJ1,,Hour23,165493.54,kWh,kWh,False,,0.16549354
2026-06-04,Recurso,TSJ1,,Hour24,165594.6,kWh,kWh,False,,0.1655946
2026-06-04,Recurso,TSJ2,,Hour01,171461.48,kWh,kWh,False,,0.17146148
2026-06-04,Recurso,TSJ2,,Hour02,171146.81,kWh,kWh,False,,0.17114680999999998
2026-06-04,Recurso,TSJ2,,Hour03,171243.64,kWh,kWh,False,,0.17124364
2026-06-04,Recurso,TSJ2,,Hour04,170194.3,kWh,kWh,False,,0.1701943
2026-06-04,Recurso,TSJ2,,Hour05,169483.07,kWh,kWh,False,,0.16948306999999999
2026-06-04,Recurso,TSJ2,,Hour06,171448.27,kWh,kWh,False,,0.17144826999999999
2026-06-04,Recurso,TSJ2,,Hour07,171134.86,kWh,kWh,False,,0.17113485999999997
2026-06-04,Recurso,TSJ2,,Hour08,171299.46,kWh,kWh,False,,0.17129946
2026-06-04,Recurso,TSJ2,,Hour09,170318.55,kWh,kWh,False,,0.17031854999999999
2026-06-04,Recurso,TSJ2,,Hour10,169528.5,kWh,kWh,False,,0.1695285
2026-06-04,Recurso,TSJ2,,Hour11,170607.11,kWh,kWh,False,,0.17060710999999998
2026-06-04,Recurso,TSJ2,,Hour12,170310.98,kWh,kWh,False,,0.17031098
2026-06-04,Recurso,TSJ2,,Hour13,170425.32,kWh,kWh,False,,0.17042532
2026-06-04,Recurso,TSJ2,,Hour14,170520.01,kWh,kWh,False,,0.17052001
2026-06-04,Recurso,TSJ2,,Hour15,170549.6,kWh,kWh,False,,0.1705496
2026-06-04,Recurso,TSJ2,,Hour16,170128.17,kWh,kWh,False,,0.17012817
2026-06-04,Recurso,TSJ2,,Hour17,170427.37,kWh,kWh,False,,0.17042737
2026-06-04,Recurso,TSJ2,,Hour18,171271.15,kWh,kWh,False,,0.17127114999999998
2026-06-04,Recurso,TSJ2,,Hour19,170673.67,kWh,kWh,False,,0.17067367
2026-06-04,Recurso,TSJ2,,Hour20,170597.59,kWh,kWh,False,,0.17059759
2026-06-04,Recurso,TSJ2,,Hour21,170476.38,kWh,kWh,False,,0.17047638
2026-06-04,Recurso,TSJ2,,Hour22,170847.51,kWh,kWh,False,,0.17084751
2026-06-04,Recurso,TSJ2,,Hour23,170714.09,kWh,kWh,False,,0.17071408999999999
2026-06-04,Recurso,TSJ2,,Hour24,170724.14,kWh,kWh,False,,0.17072414
2026-06-05,Recurso,TFL1,,Hour01,20125.48,kWh,kWh,False,,0.020125479999999998
2026-06-05,Recurso,TFL1,,Hour02,,kWh,kWh,False,,
2026-06-05,Recurso,TFL1,,Hour03,,kWh,kWh,False,,
2026-06-05,Recurso,TFL1,,Hour04,,kWh,kWh,False,,
2026-06-05,Recurso,TFL1,,Hour05,,kWh,kWh,False,,
2026-06-05,Recurso,TFL1,,Hour06,,kWh,kWh,False,,
2026-06-05,Recurso,TFL1,,Hour07,,kWh,kWh,False,,
2026-06-05,Recurso,TFL1,,Hour08,,kWh,kWh,False,,
2026-06-05,Recurso,TFL1,,Hour09,,kWh,kWh,False,,
2026-06-05,Recurso,TFL1,,Hour10,,kWh,kWh,False,,
2026-06-05,Recurso,TFL1,,Hour11,,kWh,kWh,False,,
2026-06-05,Recurso,TFL1,,Hour12,,kWh,kWh,False,,
2026-06-05,Recurso,TFL1,,Hour13,,kWh,kWh,False,,
2026-06-05,Recurso,TFL1,,Hour14,,kWh,kWh,False,,
2026-06-05,Recurso,TFL1,,Hour15,,kWh,kWh,False,,
2026-06-05,Recurso,TFL1,,Hour16,15919.78,kWh,kWh,False,,0.01591978
2026-06-05,Recurso,TFL1,,Hour17,24543.18,kWh,kWh,False,,0.024543179999999998
2026-06-05,Recurso,TFL1,,Hour18,40342.68,kWh,kWh,False,,0.04034268
2026-06-05,Recurso,TFL1,,Hour19,66526.08,kWh,kWh,False,,0.06652608
2026-06-05,Recurso,TFL1,,Hour20,66678.08,kWh,kWh,False,,0.06667808
2026-06-05,Recurso,TFL1,,Hour21,66573.38,kWh,kWh,False,,0.06657338
2026-06-05,Recurso,TFL1,,Hour22,66565.28,kWh,kWh,False,,0.06656527999999999
2026-06-05,Recurso,TFL1,,Hour23,66541.38,kWh,kWh,False,,0.06654138
2026-06-05,Recurso,TFL1,,Hour24,66565.28,kWh,kWh,False,,0.06656527999999999
2026-06-05,Recurso,TFL4,,Hour01,122997.68,kWh,kWh,False,,0.12299767999999998
2026-06-05,Recurso,TFL4,,Hour02,122938.51,kWh,kWh,False,,0.12293850999999999
2026-06-05,Recurso,TFL4,,Hour03,123093.52,kWh,kWh,False,,0.12309352
2026-06-05,Recurso,TFL4,,Hour04,123042.19,kWh,kWh,False,,0.12304219
2026-06-05,Recurso,TFL4,,Hour05,123116.02,kWh,kWh,False,,0.12311601999999999
2026-06-05,Recurso,TFL4,,Hour06,123006.67,kWh,kWh,False,,0.12300667
2026-06-05,Recurso,TFL4,,Hour07,70565.61,kWh,kWh,False,,0.07056561
2026-06-05,Recurso,TFL4,,Hour08,23493.08,kWh,kWh,False,,0.02349308
2026-06-05,Recurso,TFL4,,Hour09,45267.69,kWh,kWh,False,,0.04526769
2026-06-05,Recurso,TFL4,,Hour10,108284.1,kWh,kWh,False,,0.1082841
2026-06-05,Recurso,TFL4,,Hour11,123391.4,kWh,kWh,False,,0.12339139999999998
2026-06-05,Recurso,TFL4,,Hour12,122761.28,kWh,kWh,False,,0.12276127999999999
2026-06-05,Recurso,TFL4,,Hour13,122974.53,kWh,kWh,False,,0.12297453
2026-06-05,Recurso,TFL4,,Hour14,122875.3,kWh,kWh,False,,0.12287529999999999
2026-06-05,Recurso,TFL4,,Hour15,122698.66,kWh,kWh,False,,0.12269866
2026-06-05,Recurso,TFL4,,Hour16,122932.62,kWh,kWh,False,,0.12293261999999999
2026-06-05,Recurso,TFL4,,Hour17,122834.89,kWh,kWh,False,,0.12283488999999999
2026-06-05,Recurso,TFL4,,Hour18,122652.59,kWh,kWh,False,,0.12265258999999999
2026-06-05,Recurso,TFL4,,Hour19,182656.05,kWh,kWh,False,,0.18265605
2026-06-05,Recurso,TFL4,,Hour20,208299.77,kWh,kWh,False,,0.20829976999999997
2026-06-05,Recurso,TFL4,,Hour21,149744.88,kWh,kWh,False,,0.14974488
2026-06-05,Recurso,TFL4,,Hour22,123500.8,kWh,kWh,False,,0.1235008
2026-06-05,Recurso,TFL4,,Hour23,123473.82,kWh,kWh,False,,0.12347382
2026-06-05,Recurso,TFL4,,Hour24,123417.04,kWh,kWh,False,,0.12341703999999999
2026-06-05,Recurso,TGJ1,,Hour01,73285.15,kWh,kWh,False,,0.07328515
2026-06-05,Recurso,TGJ1,,Hour02,73798.99,kWh,kWh,False,,0.07379899000000001
2026-06-05,Recurso,TGJ1,,Hour03,73762.67,kWh,kWh,False,,0.07376266999999999
2026-06-05,Recurso,TGJ1,,Hour04,72707.5,kWh,kWh,False,,0.0727075
2026-06-05,Recurso,TGJ1,,Hour05,71525.29,kWh,kWh,False,,0.07152528999999999
2026-06-05,Recurso,TGJ1,,Hour06,71560.64,kWh,kWh,False,,0.07156064
2026-06-05,Recurso,TGJ1,,Hour07,71445.39,kWh,kWh,False,,0.07144539
2026-06-05,Recurso,TGJ1,,Hour08,72453.83,kWh,kWh,False,,0.07245383
2026-06-05,Recurso,TGJ1,,Hour09,72996.81,kWh,kWh,False,,0.07299681
2026-06-05,Recurso,TGJ1,,Hour10,73708.33,kWh,kWh,False,,0.07370833
2026-06-05,Recurso,TGJ1,,Hour11,73260.17,kWh,kWh,False,,0.07326017
2026-06-05,Recurso,TGJ1,,Hour12,73191.09,kWh,kWh,False,,0.07319108999999999
2026-06-05,Recurso,TGJ1,,Hour13,73245.09,kWh,kWh,False,,0.07324509
2026-06-05,Recurso,TGJ1,,Hour14,73361.98,kWh,kWh,False,,0.07336198
2026-06-05,Recurso,TGJ1,,Hour15,73278.84,kWh,kWh,False,,0.07327884
2026-06-05,Recurso,TGJ1,,Hour16,73149.55,kWh,kWh,False,,0.07314955
2026-06-05,Recurso,TGJ1,,Hour17,72949.32,kWh,kWh,False,,0.07294932
2026-06-05,Recurso,TGJ1,,Hour18,72994.97,kWh,kWh,False,,0.07299496999999999
2026-06-05,Recurso,TGJ1,,Hour19,73456.44,kWh,kWh,False,,0.07345644
2026-06-05,Recurso,TGJ1,,Hour20,73138.34,kWh,kWh,False,,0.07313834
2026-06-05,Recurso,TGJ1,,Hour21,73041.46,kWh,kWh,False,,0.07304146
2026-06-05,Recurso,TGJ1,,Hour22,73442.09,kWh,kWh,False,,0.07344208999999999
2026-06-05,Recurso,TGJ1,,Hour23,73223.84,kWh,kWh,False,,0.07322384
2026-06-05,Recurso,TGJ1,,Hour24,73168.2,kWh,kWh,False,,0.07316819999999999
2026-06-05,Recurso,TRN1,,Hour01,64427.09,kWh,kWh,False,,0.06442708999999999
2026-06-05,Recurso,TRN1,,Hour02,64432.46,kWh,kWh,False,,0.06443246
2026-06-05,Recurso,TRN1,,Hour03,64701.8,kWh,kWh,False,,0.0647018
2026-06-05,Recurso,TRN1,,Hour04,64584.84,kWh,kWh,False,,0.06458483999999999
2026-06-05,Recurso,TRN1,,Hour05,64598.94,kWh,kWh,False,,0.06459894
2026-06-05,Recurso,TRN1,,Hour06,64520.82,kWh,kWh,False,,0.06452081999999999
2026-06-05,Recurso,TRN1,,Hour07,64538.67,kWh,kWh,False,,0.06453866999999999
2026-06-05,Recurso,TRN1,,Hour08,64493.16,kWh,kWh,False,,0.06449316
2026-06-05,Recurso,TRN1,,Hour09,64451.84,kWh,kWh,False,,0.06445184
2026-06-05,Recurso,TRN1,,Hour10,64701.57,kWh,kWh,False,,0.06470157
2026-06-05,Recurso,TRN1,,Hour11,64538.48,kWh,kWh,False,,0.06453848
2026-06-05,Recurso,TRN1,,Hour12,64881.43,kWh,kWh,False,,0.06488143
2026-06-05,Recurso,TRN1,,Hour13,64741.94,kWh,kWh,False,,0.06474194
2026-06-05,Recurso,TRN1,,Hour14,64337.5,kWh,kWh,False,,0.06433749999999999
2026-06-05,Recurso,TRN1,,Hour15,64475.94,kWh,kWh,False,,0.06447594
2026-06-05,Recurso,TRN1,,Hour16,64892.55,kWh,kWh,False,,0.06489255
2026-06-05,Recurso,TRN1,,Hour17,64925.25,kWh,kWh,False,,0.06492525
2026-06-05,Recurso,TRN1,,Hour18,64698.15,kWh,kWh,False,,0.06469815
2026-06-05,Recurso,TRN1,,Hour19,64992.18,kWh,kWh,False,,0.06499218
2026-06-05,Recurso,TRN1,,Hour20,64690.55,kWh,kWh,False,,0.06469055
2026-06-05,Recurso,TRN1,,Hour21,64421.65,kWh,kWh,False,,0.06442165
2026-06-05,Recurso,TRN1,,Hour22,64635.57,kWh,kWh,False,,0.06463557
2026-06-05,Recurso,TRN1,,Hour23,64700.36,kWh,kWh,False,,0.06470036
2026-06-05,Recurso,TRN1,,Hour24,64767.98,kWh,kWh,False,,0.06476798
2026-06-05,Recurso,TSJ1,,Hour01,165535.21,kWh,kWh,False,,0.16553521
2026-06-05,Recurso,TSJ1,,Hour02,165589.83,kWh,kWh,False,,0.16558983
2026-06-05,Recurso,TSJ1,,Hour03,165656.34,kWh,kWh,False,,0.16565633999999999
2026-06-05,Recurso,TSJ1,,Hour04,165226.85,kWh,kWh,False,,0.16522685
2026-06-05,Recurso,TSJ1,,Hour05,165139.84,kWh,kWh,False,,0.16513983999999998
2026-06-05,Recurso,TSJ1,,Hour06,165394.25,kWh,kWh,False,,0.16539425
2026-06-05,Recurso,TSJ1,,Hour07,165598.1,kWh,kWh,False,,0.1655981
2026-06-05,Recurso,TSJ1,,Hour08,165087.16,kWh,kWh,False,,0.16508715999999998
2026-06-05,Recurso,TSJ1,,Hour09,165510.63,kWh,kWh,False,,0.16551063
2026-06-05,Recurso,TSJ1,,Hour10,165521.0,kWh,kWh,False,,0.165521
2026-06-05,Recurso,TSJ1,,Hour11,165368.89,kWh,kWh,False,,0.16536889000000002
2026-06-05,Recurso,TSJ1,,Hour12,165536.29,kWh,kWh,False,,0.16553629
2026-06-05,Recurso,TSJ1,,Hour13,165625.34,kWh,kWh,False,,0.16562533999999998
2026-06-05,Recurso,TSJ1,,Hour14,165569.27,kWh,kWh,False,,0.16556927
2026-06-05,Recurso,TSJ1,,Hour15,165581.45,kWh,kWh,False,,0.16558145
2026-06-05,Recurso,TSJ1,,Hour16,165548.56,kWh,kWh,False,,0.16554855999999998
2026-06-05,Recurso,TSJ1,,Hour17,165632.75,kWh,kWh,False,,0.16563275
2026-06-05,Recurso,TSJ1,,Hour18,165546.91,kWh,kWh,False,,0.16554691
2026-06-05,Recurso,TSJ1,,Hour19,165544.66,kWh,kWh,False,,0.16554465999999998
2026-06-05,Recurso,TSJ1,,Hour20,165634.54,kWh,kWh,False,,0.16563454
2026-06-05,Recurso,TSJ1,,Hour21,165582.24,kWh,kWh,False,,0.16558224
2026-06-05,Recurso,TSJ1,,Hour22,165689.86,kWh,kWh,False,,0.16568985999999997
2026-06-05,Recurso,TSJ1,,Hour23,165721.34,kWh,kWh,False,,0.16572134
2026-06-05,Recurso,TSJ1,,Hour24,165668.19,kWh,kWh,False,,0.16566819
2026-06-05,Recurso,TSJ2,,Hour01,170955.71,kWh,kWh,False,,0.17095570999999998
2026-06-05,Recurso,TSJ2,,Hour02,170460.2,kWh,kWh,False,,0.1704602
2026-06-05,Recurso,TSJ2,,Hour03,170629.83,kWh,kWh,False,,0.17062982999999998
2026-06-05,Recurso,TSJ2,,Hour04,172311.28,kWh,kWh,False,,0.17231127999999998
2026-06-05,Recurso,TSJ2,,Hour05,170958.14,kWh,kWh,False,,0.17095814
2026-06-05,Recurso,TSJ2,,Hour06,170725.04,kWh,kWh,False,,0.17072504
2026-06-05,Recurso,TSJ2,,Hour07,170680.93,kWh,kWh,False,,0.17068092999999998
2026-06-05,Recurso,TSJ2,,Hour08,170646.23,kWh,kWh,False,,0.17064623
2026-06-05,Recurso,TSJ2,,Hour09,170524.32,kWh,kWh,False,,0.17052432
2026-06-05,Recurso,TSJ2,,Hour10,170253.64,kWh,kWh,False,,0.17025364
2026-06-05,Recurso,TSJ2,,Hour11,170431.95,kWh,kWh,False,,0.17043195
2026-06-05,Recurso,TSJ2,,Hour12,170604.36,kWh,kWh,False,,0.17060435999999998
2026-06-05,Recurso,TSJ2,,Hour13,169504.15,kWh,kWh,False,,0.16950415
2026-06-05,Recurso,TSJ2,,Hour14,171247.93,kWh,kWh,False,,0.17124793
2026-06-05,Recurso,TSJ2,,Hour15,170502.21,kWh,kWh,False,,0.17050221
2026-06-05,Recurso,TSJ2,,Hour16,170406.09,kWh,kWh,False,,0.17040608999999998
2026-06-05,Recurso,TSJ2,,Hour17,170040.43,kWh,kWh,False,,0.17004043
2026-06-05,Recurso,TSJ2,,Hour18,170671.55,kWh,kWh,False,,0.17067154999999998
2026-06-05,Recurso,TSJ2,,Hour19,170425.07,kWh,kWh,False,,0.17042507
2026-06-05,Recurso,TSJ2,,Hour20,170443.05,kWh,kWh,False,,0.17044304999999998
2026-06-05,Recurso,TSJ2,,Hour21,169861.56,kWh,kWh,False,,0.16986156
2026-06-05,Recurso,TSJ2,,Hour22,171001.33,kWh,kWh,False,,0.17100132999999998
2026-06-05,Recurso,TSJ2,,Hour23,169747.27,kWh,kWh,False,,0.16974726999999998
2026-06-05,Recurso,TSJ2,,Hour24,170478.51,kWh,kWh,False,,0.17047851
2026-06-06,Recurso,TEC1,,Hour01,,kWh,kWh,False,,
2026-06-06,Recurso,TEC1,,Hour02,,kWh,kWh,False,,
2026-06-06,Recurso,TEC1,,Hour03,,kWh,kWh,False,,
2026-06-06,Recurso,TEC1,,Hour04,,kWh,kWh,False,,
2026-06-06,Recurso,TEC1,,Hour05,,kWh,kWh,False,,
2026-06-06,Recurso,TEC1,,Hour06,,kWh,kWh,False,,
2026-06-06,Recurso,TEC1,,Hour07,,kWh,kWh,False,,
2026-06-06,Recurso,TEC1,,Hour08,,kWh,kWh,False,,
2026-06-06,Recurso,TEC1,,Hour09,,kWh,kWh,False,,
2026-06-06,Recurso,TEC1,,Hour10,35298.53,kWh,kWh,False,,0.035298529999999995
2026-06-06,Recurso,TEC1,,Hour11,79700.0,kWh,kWh,False,,0.0797
2026-06-06,Recurso,TEC1,,Hour12,102150.0,kWh,kWh,False,,0.10214999999999999
2026-06-06,Recurso,TEC1,,Hour13,141940.0,kWh,kWh,False,,0.14193999999999998
2026-06-06,Recurso,TEC1,,Hour14,186730.0,kWh,kWh,False,,0.18672999999999998
2026-06-06,Recurso,TEC1,,Hour15,204220.0,kWh,kWh,False,,0.20421999999999998
2026-06-06,Recurso,TEC1,,Hour16,206580.0,kWh,kWh,False,,0.20657999999999999
2026-06-06,Recurso,TEC1,,Hour17,206960.0,kWh,kWh,False,,0.20695999999999998
2026-06-06,Recurso,TEC1,,Hour18,206340.0,kWh,kWh,False,,0.20634
2026-06-06,Recurso,TEC1,,Hour19,206950.0,kWh,kWh,False,,0.20695
2026-06-06,Recurso,TEC1,,Hour20,207890.0,kWh,kWh,False,,0.20789
2026-06-06,Recurso,TEC1,,Hour21,207470.0,kWh,kWh,False,,0.20747
2026-06-06,Recurso,TEC1,,Hour22,206630.0,kWh,kWh,False,,0.20662999999999998
2026-06-06,Recurso,TEC1,,Hour23,206070.0,kWh,kWh,False,,0.20607
2026-06-06,Recurso,TEC1,,Hour24,206040.0,kWh,kWh,False,,0.20604
2026-06-06,Recurso,TFL1,,Hour01,66693.38,kWh,kWh,False,,0.06669338
2026-06-06,Recurso,TFL1,,Hour02,66669.38,kWh,kWh,False,,0.06666938
2026-06-06,Recurso,TFL1,,Hour03,20446.38,kWh,kWh,False,,0.02044638
2026-06-06,Recurso,TFL1,,Hour04,,kWh,kWh,False,,
2026-06-06,Recurso,TFL1,,Hour05,,kWh,kWh,False,,
2026-06-06,Recurso,TFL1,,Hour06,,kWh,kWh,False,,
2026-06-06,Recurso,TFL1,,Hour07,,kWh,kWh,False,,
2026-06-06,Recurso,TFL1,,Hour08,,kWh,kWh,False,,
2026-06-06,Recurso,TFL1,,Hour09,,kWh,kWh,False,,
2026-06-06,Recurso,TFL1,,Hour10,18328.89,kWh,kWh,False,,0.018328889999999997
2026-06-06,Recurso,TFL1,,Hour11,30664.08,kWh,kWh,False,,0.03066408
2026-06-06,Recurso,TFL1,,Hour12,64870.98,kWh,kWh,False,,0.06487098
2026-06-06,Recurso,TFL1,,Hour13,66143.18,kWh,kWh,False,,0.06614318
2026-06-06,Recurso,TFL1,,Hour14,66125.28,kWh,kWh,False,,0.06612528
2026-06-06,Recurso,TFL1,,Hour15,66125.28,kWh,kWh,False,,0.06612528
2026-06-06,Recurso,TFL1,,Hour16,66157.18,kWh,kWh,False,,0.06615718
2026-06-06,Recurso,TFL1,,Hour17,66085.28,kWh,kWh,False,,0.06608528
2026-06-06,Recurso,TFL1,,Hour18,66061.98,kWh,kWh,False,,0.06606197999999999
2026-06-06,Recurso,TFL1,,Hour19,66118.98,kWh,kWh,False,,0.06611898
2026-06-06,Recurso,TFL1,,Hour20,66174.88,kWh,kWh,False,,0.06617488
2026-06-06,Recurso,TFL1,,Hour21,66135.08,kWh,kWh,False,,0.06613508
2026-06-06,Recurso,TFL1,,Hour22,20279.28,kWh,kWh,False,,0.020279279999999997
2026-06-06,Recurso,TFL1,,Hour23,,kWh,kWh,False,,
2026-06-06,Recurso,TFL1,,Hour24,,kWh,kWh,False,,
2026-06-06,Recurso,TFL4,,Hour01,123449.04,kWh,kWh,False,,0.12344903999999998
2026-06-06,Recurso,TFL4,,Hour02,123436.72,kWh,kWh,False,,0.12343672
2026-06-06,Recurso,TFL4,,Hour03,123561.6,kWh,kWh,False,,0.1235616
2026-06-06,Recurso,TFL4,,Hour04,123600.7,kWh,kWh,False,,0.1236007
2026-06-06,Recurso,TFL4,,Hour05,70532.5,kWh,kWh,False,,0.0705325
2026-06-06,Recurso,TFL4,,Hour06,3146.09,kWh,kWh,False,,0.00314609
2026-06-06,Recurso,TFL4,,Hour07,550.41,kWh,kWh,False,,0.00055041
2026-06-06,Recurso,TFL4,,Hour08,,kWh,kWh,False,,
2026-06-06,Recurso,TFL4,,Hour09,,kWh,kWh,False,,
2026-06-06,Recurso,TFL4,,Hour10,,kWh,kWh,False,,
2026-06-06,Recurso,TFL4,,Hour11,,kWh,kWh,False,,
2026-06-06,Recurso,TFL4,,Hour12,,kWh,kWh,False,,
2026-06-06,Recurso,TFL4,,Hour13,,kWh,kWh,False,,
2026-06-06,Recurso,TFL4,,Hour14,,kWh,kWh,False,,
2026-06-06,Recurso,TFL4,,Hour15,,kWh,kWh,False,,
2026-06-06,Recurso,TFL4,,Hour16,,kWh,kWh,False,,
2026-06-06,Recurso,TFL4,,Hour17,,kWh,kWh,False,,
2026-06-06,Recurso,TFL4,,Hour18,,kWh,kWh,False,,
2026-06-06,Recurso,TFL4,,Hour19,40589.23,kWh,kWh,False,,0.040589230000000004
2026-06-06,Recurso,TFL4,,Hour20,73211.57,kWh,kWh,False,,0.07321157
2026-06-06,Recurso,TFL4,,Hour21,123115.88,kWh,kWh,False,,0.12311588
2026-06-06,Recurso,TFL4,,Hour22,123251.6,kWh,kWh,False,,0.1232516
2026-06-06,Recurso,TFL4,,Hour23,121660.63,kWh,kWh,False,,0.12166063
2026-06-06,Recurso,TFL4,,Hour24,121764.66,kWh,kWh,False,,0.12176466
2026-06-06,Recurso,TGJ1,,Hour01,73760.35,kWh,kWh,False,,0.07376035
2026-06-06,Recurso,TGJ1,,Hour02,73269.64,kWh,kWh,False,,0.07326964
2026-06-06,Recurso,TGJ1,,Hour03,72790.34,kWh,kWh,False,,0.07279034
2026-06-06,Recurso,TGJ1,,Hour04,74026.63,kWh,kWh,False,,0.07402663
2026-06-06,Recurso,TGJ1,,Hour05,73673.51,kWh,kWh,False,,0.07367351
2026-06-06,Recurso,TGJ1,,Hour06,73440.88,kWh,kWh,False,,0.07344088
2026-06-06,Recurso,TGJ1,,Hour07,73164.25,kWh,kWh,False,,0.07316425
2026-06-06,Recurso,TGJ1,,Hour08,72630.8,kWh,kWh,False,,0.0726308
2026-06-06,Recurso,TGJ1,,Hour09,73140.06,kWh,kWh,False,,0.07314005999999999
2026-06-06,Recurso,TGJ1,,Hour10,72958.66,kWh,kWh,False,,0.07295866
2026-06-06,Recurso,TGJ1,,Hour11,73547.32,kWh,kWh,False,,0.07354732
2026-06-06,Recurso,TGJ1,,Hour12,74124.46,kWh,kWh,False,,0.07412446
2026-06-06,Recurso,TGJ1,,Hour13,74467.42,kWh,kWh,False,,0.07446741999999999
2026-06-06,Recurso,TGJ1,,Hour14,74323.29,kWh,kWh,False,,0.07432328999999999
2026-06-06,Recurso,TGJ1,,Hour15,74112.41,kWh,kWh,False,,0.07411241
2026-06-06,Recurso,TGJ1,,Hour16,73957.3,kWh,kWh,False,,0.0739573
2026-06-06,Recurso,TGJ1,,Hour17,73778.75,kWh,kWh,False,,0.07377874999999999
2026-06-06,Recurso,TGJ1,,Hour18,75144.15,kWh,kWh,False,,0.07514414999999999
2026-06-06,Recurso,TGJ1,,Hour19,73423.42,kWh,kWh,False,,0.07342341999999999
2026-06-06,Recurso,TGJ1,,Hour20,74425.42,kWh,kWh,False,,0.07442541999999999
2026-06-06,Recurso,TGJ1,,Hour21,73398.82,kWh,kWh,False,,0.07339882
2026-06-06,Recurso,TGJ1,,Hour22,74692.21,kWh,kWh,False,,0.07469221000000001
2026-06-06,Recurso,TGJ1,,Hour23,74255.13,kWh,kWh,False,,0.07425513
2026-06-06,Recurso,TGJ1,,Hour24,73281.75,kWh,kWh,False,,0.07328174999999999
2026-06-06,Recurso,TRN1,,Hour01,64701.83,kWh,kWh,False,,0.06470183
2026-06-06,Recurso,TRN1,,Hour02,64545.48,kWh,kWh,False,,0.06454548
2026-06-06,Recurso,TRN1,,Hour03,64490.04,kWh,kWh,False,,0.06449004
2026-06-06,Recurso,TRN1,,Hour04,64598.79,kWh,kWh,False,,0.06459879
2026-06-06,Recurso,TRN1,,Hour05,64395.95,kWh,kWh,False,,0.06439595
2026-06-06,Recurso,TRN1,,Hour06,64575.16,kWh,kWh,False,,0.06457516
2026-06-06,Recurso,TRN1,,Hour07,64514.67,kWh,kWh,False,,0.06451467
2026-06-06,Recurso,TRN1,,Hour08,64607.78,kWh,kWh,False,,0.06460777999999999
2026-06-06,Recurso,TRN1,,Hour09,64540.65,kWh,kWh,False,,0.06454065
2026-06-06,Recurso,TRN1,,Hour10,64501.08,kWh,kWh,False,,0.06450108
2026-06-06,Recurso,TRN1,,Hour11,64519.64,kWh,kWh,False,,0.06451964
2026-06-06,Recurso,TRN1,,Hour12,64570.91,kWh,kWh,False,,0.06457091
2026-06-06,Recurso,TRN1,,Hour13,64514.23,kWh,kWh,False,,0.06451423
2026-06-06,Recurso,TRN1,,Hour14,64615.25,kWh,kWh,False,,0.06461525
2026-06-06,Recurso,TRN1,,Hour15,64515.3,kWh,kWh,False,,0.0645153
2026-06-06,Recurso,TRN1,,Hour16,64485.69,kWh,kWh,False,,0.06448569
2026-06-06,Recurso,TRN1,,Hour17,64454.17,kWh,kWh,False,,0.06445416999999999
2026-06-06,Recurso,TRN1,,Hour18,64550.67,kWh,kWh,False,,0.06455066999999999
2026-06-06,Recurso,TRN1,,Hour19,64610.75,kWh,kWh,False,,0.06461075
2026-06-06,Recurso,TRN1,,Hour20,64535.79,kWh,kWh,False,,0.06453579
2026-06-06,Recurso,TRN1,,Hour21,64625.09,kWh,kWh,False,,0.06462509
2026-06-06,Recurso,TRN1,,Hour22,64793.03,kWh,kWh,False,,0.06479303
2026-06-06,Recurso,TRN1,,Hour23,64432.41,kWh,kWh,False,,0.06443241
2026-06-06,Recurso,TRN1,,Hour24,64836.68,kWh,kWh,False,,0.06483668
2026-06-06,Recurso,TSJ1,,Hour01,165534.39,kWh,kWh,False,,0.16553439
2026-06-06,Recurso,TSJ1,,Hour02,165751.7,kWh,kWh,False,,0.1657517
2026-06-06,Recurso,TSJ1,,Hour03,165698.98,kWh,kWh,False,,0.16569898
2026-06-06,Recurso,TSJ1,,Hour04,165567.59,kWh,kWh,False,,0.16556759
2026-06-06,Recurso,TSJ1,,Hour05,165479.91,kWh,kWh,False,,0.16547991
2026-06-06,Recurso,TSJ1,,Hour06,165468.78,kWh,kWh,False,,0.16546877999999998
2026-06-06,Recurso,TSJ1,,Hour07,165571.63,kWh,kWh,False,,0.16557163
2026-06-06,Recurso,TSJ1,,Hour08,165670.55,kWh,kWh,False,,0.16567054999999997
2026-06-06,Recurso,TSJ1,,Hour09,165588.71,kWh,kWh,False,,0.16558870999999997
2026-06-06,Recurso,TSJ1,,Hour10,157496.26,kWh,kWh,False,,0.15749626
2026-06-06,Recurso,TSJ1,,Hour11,165399.1,kWh,kWh,False,,0.1653991
2026-06-06,Recurso,TSJ1,,Hour12,165446.63,kWh,kWh,False,,0.16544662999999998
2026-06-06,Recurso,TSJ1,,Hour13,165619.03,kWh,kWh,False,,0.16561903
2026-06-06,Recurso,TSJ1,,Hour14,165504.77,kWh,kWh,False,,0.16550477
2026-06-06,Recurso,TSJ1,,Hour15,165510.41,kWh,kWh,False,,0.16551041
2026-06-06,Recurso,TSJ1,,Hour16,165470.92,kWh,kWh,False,,0.16547092
2026-06-06,Recurso,TSJ1,,Hour17,165559.09,kWh,kWh,False,,0.16555909
2026-06-06,Recurso,TSJ1,,Hour18,165659.9,kWh,kWh,False,,0.1656599
2026-06-06,Recurso,TSJ1,,Hour19,165386.86,kWh,kWh,False,,0.16538685999999997
2026-06-06,Recurso,TSJ1,,Hour20,165599.53,kWh,kWh,False,,0.16559953
2026-06-06,Recurso,TSJ1,,Hour21,165269.36,kWh,kWh,False,,0.16526935999999998
2026-06-06,Recurso,TSJ1,,Hour22,165273.74,kWh,kWh,False,,0.16527373999999997
2026-06-06,Recurso,TSJ1,,Hour23,165349.79,kWh,kWh,False,,0.16534979
2026-06-06,Recurso,TSJ1,,Hour24,165458.05,kWh,kWh,False,,0.16545804999999997
2026-06-06,Recurso,TSJ2,,Hour01,170488.13,kWh,kWh,False,,0.17048813
2026-06-06,Recurso,TSJ2,,Hour02,170540.05,kWh,kWh,False,,0.17054004999999997
2026-06-06,Recurso,TSJ2,,Hour03,169994.04,kWh,kWh,False,,0.16999404
2026-06-06,Recurso,TSJ2,,Hour04,170182.13,kWh,kWh,False,,0.17018213
2026-06-06,Recurso,TSJ2,,Hour05,170253.82,kWh,kWh,False,,0.17025382
2026-06-06,Recurso,TSJ2,,Hour06,170396.85,kWh,kWh,False,,0.17039685
2026-06-06,Recurso,TSJ2,,Hour07,170434.34,kWh,kWh,False,,0.17043434
2026-06-06,Recurso,TSJ2,,Hour08,170748.45,kWh,kWh,False,,0.17074845
2026-06-06,Recurso,TSJ2,,Hour09,170190.88,kWh,kWh,False,,0.17019088
2026-06-06,Recurso,TSJ2,,Hour10,170122.48,kWh,kWh,False,,0.17012248
2026-06-06,Recurso,TSJ2,,Hour11,170657.96,kWh,kWh,False,,0.17065796
2026-06-06,Recurso,TSJ2,,Hour12,170359.06,kWh,kWh,False,,0.17035905999999998
2026-06-06,Recurso,TSJ2,,Hour13,170493.88,kWh,kWh,False,,0.17049388
2026-06-06,Recurso,TSJ2,,Hour14,170826.73,kWh,kWh,False,,0.17082673
2026-06-06,Recurso,TSJ2,,Hour15,170622.05,kWh,kWh,False,,0.17062204999999997
2026-06-06,Recurso,TSJ2,,Hour16,170247.68,kWh,kWh,False,,0.17024767999999998
2026-06-06,Recurso,TSJ2,,Hour17,170378.1,kWh,kWh,False,,0.1703781
2026-06-06,Recurso,TSJ2,,Hour18,170685.16,kWh,kWh,False,,0.17068516
2026-06-06,Recurso,TSJ2,,Hour19,170673.71,kWh,kWh,False,,0.17067370999999998
2026-06-06,Recurso,TSJ2,,Hour20,170888.08,kWh,kWh,False,,0.17088807999999997
2026-06-06,Recurso,TSJ2,,Hour21,170508.33,kWh,kWh,False,,0.17050832999999999
2026-06-06,Recurso,TSJ2,,Hour22,169994.02,kWh,kWh,False,,0.16999402
2026-06-06,Recurso,TSJ2,,Hour23,171149.02,kWh,kWh,False,,0.17114901999999999
2026-06-06,Recurso,TSJ2,,Hour24,170767.2,kWh,kWh,False,,0.1707672
2026-06-07,Recurso,TEC1,,Hour01,205970.0,kWh,kWh,False,,0.20597
2026-06-07,Recurso,TEC1,,Hour02,206720.0,kWh,kWh,False,,0.20672
2026-06-07,Recurso,TEC1,,Hour03,120075.29,kWh,kWh,False,,0.12007528999999999
2026-06-07,Recurso,TEC1,,Hour04,,kWh,kWh,False,,
2026-06-07,Recurso,TEC1,,Hour05,,kWh,kWh,False,,
2026-06-07,Recurso,TEC1,,Hour06,,kWh,kWh,False,,
2026-06-07,Recurso,TEC1,,Hour07,,kWh,kWh,False,,
2026-06-07,Recurso,TEC1,,Hour08,,kWh,kWh,False,,
2026-06-07,Recurso,TEC1,,Hour09,,kWh,kWh,False,,
2026-06-07,Recurso,TEC1,,Hour10,,kWh,kWh,False,,
2026-06-07,Recurso,TEC1,,Hour11,,kWh,kWh,False,,
2026-06-07,Recurso,TEC1,,Hour12,,kWh,kWh,False,,
2026-06-07,Recurso,TEC1,,Hour13,,kWh,kWh,False,,
2026-06-07,Recurso,TEC1,,Hour14,,kWh,kWh,False,,
2026-06-07,Recurso,TEC1,,Hour15,,kWh,kWh,False,,
2026-06-07,Recurso,TEC1,,Hour16,,kWh,kWh,False,,
2026-06-07,Recurso,TEC1,,Hour17,,kWh,kWh,False,,
2026-06-07,Recurso,TEC1,,Hour18,,kWh,kWh,False,,
2026-06-07,Recurso,TEC1,,Hour19,,kWh,kWh,False,,
2026-06-07,Recurso,TEC1,,Hour20,,kWh,kWh,False,,
2026-06-07,Recurso,TEC1,,Hour21,,kWh,kWh,False,,
2026-06-07,Recurso,TEC1,,Hour22,,kWh,kWh,False,,
2026-06-07,Recurso,TEC1,,Hour23,,kWh,kWh,False,,
2026-06-07,Recurso,TEC1,,Hour24,,kWh,kWh,False,,
2026-06-07,Recurso,TFL1,,Hour01,,kWh,kWh,False,,
2026-06-07,Recurso,TFL1,,Hour02,,kWh,kWh,False,,
2026-06-07,Recurso,TFL1,,Hour03,,kWh,kWh,False,,
2026-06-07,Recurso,TFL1,,Hour04,,kWh,kWh,False,,
2026-06-07,Recurso,TFL1,,Hour05,,kWh,kWh,False,,
2026-06-07,Recurso,TFL1,,Hour06,,kWh,kWh,False,,
2026-06-07,Recurso,TFL1,,Hour07,,kWh,kWh,False,,
2026-06-07,Recurso,TFL1,,Hour08,,kWh,kWh,False,,
2026-06-07,Recurso,TFL1,,Hour09,,kWh,kWh,False,,
2026-06-07,Recurso,TFL1,,Hour10,,kWh,kWh,False,,
2026-06-07,Recurso,TFL1,,Hour11,,kWh,kWh,False,,
2026-06-07,Recurso,TFL1,,Hour12,,kWh,kWh,False,,
2026-06-07,Recurso,TFL1,,Hour13,,kWh,kWh,False,,
2026-06-07,Recurso,TFL1,,Hour14,,kWh,kWh,False,,
2026-06-07,Recurso,TFL1,,Hour15,,kWh,kWh,False,,
2026-06-07,Recurso,TFL1,,Hour16,,kWh,kWh,False,,
2026-06-07,Recurso,TFL1,,Hour17,,kWh,kWh,False,,
2026-06-07,Recurso,TFL1,,Hour18,16135.88,kWh,kWh,False,,0.01613588
2026-06-07,Recurso,TFL1,,Hour19,23758.18,kWh,kWh,False,,0.02375818
2026-06-07,Recurso,TFL1,,Hour20,40927.08,kWh,kWh,False,,0.04092708
2026-06-07,Recurso,TFL1,,Hour21,65590.88,kWh,kWh,False,,0.06559088
2026-06-07,Recurso,TFL1,,Hour22,65631.68,kWh,kWh,False,,0.06563167999999998
2026-06-07,Recurso,TFL1,,Hour23,65591.68,kWh,kWh,False,,0.06559167999999999
2026-06-07,Recurso,TFL1,,Hour24,65671.78,kWh,kWh,False,,0.06567178
2026-06-07,Recurso,TFL4,,Hour01,121663.52,kWh,kWh,False,,0.12166352
2026-06-07,Recurso,TFL4,,Hour02,121598.03,kWh,kWh,False,,0.12159803
2026-06-07,Recurso,TFL4,,Hour03,121756.09,kWh,kWh,False,,0.12175609
2026-06-07,Recurso,TFL4,,Hour04,121502.31,kWh,kWh,False,,0.12150230999999999
2026-06-07,Recurso,TFL4,,Hour05,121775.49,kWh,kWh,False,,0.12177549
2026-06-07,Recurso,TFL4,,Hour06,121596.26,kWh,kWh,False,,0.12159625999999998
2026-06-07,Recurso,TFL4,,Hour07,121713.64,kWh,kWh,False,,0.12171364
2026-06-07,Recurso,TFL4,,Hour08,121678.07,kWh,kWh,False,,0.12167807
2026-06-07,Recurso,TFL4,,Hour09,121860.7,kWh,kWh,False,,0.12186069999999999
2026-06-07,Recurso,TFL4,,Hour10,122026.03,kWh,kWh,False,,0.12202603
2026-06-07,Recurso,TFL4,,Hour11,69445.94,kWh,kWh,False,,0.06944594
2026-06-07,Recurso,TFL4,,Hour12,,kWh,kWh,False,,
2026-06-07,Recurso,TFL4,,Hour13,,kWh,kWh,False,,
2026-06-07,Recurso,TFL4,,Hour14,,kWh,kWh,False,,
2026-06-07,Recurso,TFL4,,Hour15,8349.57,kWh,kWh,False,,0.008349569999999999
2026-06-07,Recurso,TFL4,,Hour16,30026.72,kWh,kWh,False,,0.03002672
2026-06-07,Recurso,TFL4,,Hour17,45720.29,kWh,kWh,False,,0.04572029
2026-06-07,Recurso,TFL4,,Hour18,75684.92,kWh,kWh,False,,0.07568491999999999
2026-06-07,Recurso,TFL4,,Hour19,136822.94,kWh,kWh,False,,0.13682294
2026-06-07,Recurso,TFL4,,Hour20,122580.19,kWh,kWh,False,,0.12258018999999999
2026-06-07,Recurso,TFL4,,Hour21,122353.21,kWh,kWh,False,,0.12235321
2026-06-07,Recurso,TFL4,,Hour22,122585.34,kWh,kWh,False,,0.12258533999999999
2026-06-07,Recurso,TFL4,,Hour23,122531.81,kWh,kWh,False,,0.12253180999999999
2026-06-07,Recurso,TFL4,,Hour24,122392.16,kWh,kWh,False,,0.12239216
2026-06-07,Recurso,TGJ1,,Hour01,73187.72,kWh,kWh,False,,0.07318772
2026-06-07,Recurso,TGJ1,,Hour02,74161.97,kWh,kWh,False,,0.07416197
2026-06-07,Recurso,TGJ1,,Hour03,74456.21,kWh,kWh,False,,0.07445621000000001
2026-06-07,Recurso,TGJ1,,Hour04,74259.13,kWh,kWh,False,,0.07425913
2026-06-07,Recurso,TGJ1,,Hour05,73853.07,kWh,kWh,False,,0.07385307
2026-06-07,Recurso,TGJ1,,Hour06,74051.58,kWh,kWh,False,,0.07405157999999999
2026-06-07,Recurso,TGJ1,,Hour07,74144.18,kWh,kWh,False,,0.07414417999999999
2026-06-07,Recurso,TGJ1,,Hour08,74776.88,kWh,kWh,False,,0.07477688
2026-06-07,Recurso,TGJ1,,Hour09,74630.92,kWh,kWh,False,,0.07463091999999999
2026-06-07,Recurso,TGJ1,,Hour10,74059.67,kWh,kWh,False,,0.07405967
2026-06-07,Recurso,TGJ1,,Hour11,73072.42,kWh,kWh,False,,0.07307242
2026-06-07,Recurso,TGJ1,,Hour12,74318.96,kWh,kWh,False,,0.07431896
2026-06-07,Recurso,TGJ1,,Hour13,74408.81,kWh,kWh,False,,0.07440880999999999
2026-06-07,Recurso,TGJ1,,Hour14,74280.92,kWh,kWh,False,,0.07428092
2026-06-07,Recurso,TGJ1,,Hour15,74235.92,kWh,kWh,False,,0.07423592
2026-06-07,Recurso,TGJ1,,Hour16,74427.85,kWh,kWh,False,,0.07442785
2026-06-07,Recurso,TGJ1,,Hour17,74422.78,kWh,kWh,False,,0.07442278
2026-06-07,Recurso,TGJ1,,Hour18,73384.54,kWh,kWh,False,,0.07338453999999998
2026-06-07,Recurso,TGJ1,,Hour19,73952.23,kWh,kWh,False,,0.07395223
2026-06-07,Recurso,TGJ1,,Hour20,73884.4,kWh,kWh,False,,0.07388439999999999
2026-06-07,Recurso,TGJ1,,Hour21,74026.62,kWh,kWh,False,,0.07402661999999999
2026-06-07,Recurso,TGJ1,,Hour22,74147.2,kWh,kWh,False,,0.0741472
2026-06-07,Recurso,TGJ1,,Hour23,74424.17,kWh,kWh,False,,0.07442417
2026-06-07,Recurso,TGJ1,,Hour24,73948.17,kWh,kWh,False,,0.07394817
2026-06-07,Recurso,TRN1,,Hour01,64758.41,kWh,kWh,False,,0.06475841
2026-06-07,Recurso,TRN1,,Hour02,64699.28,kWh,kWh,False,,0.06469928
2026-06-07,Recurso,TRN1,,Hour03,64576.46,kWh,kWh,False,,0.06457646
2026-06-07,Recurso,TRN1,,Hour04,64455.13,kWh,kWh,False,,0.06445513
2026-06-07,Recurso,TRN1,,Hour05,64526.92,kWh,kWh,False,,0.06452692
2026-06-07,Recurso,TRN1,,Hour06,64312.55,kWh,kWh,False,,0.06431255
2026-06-07,Recurso,TRN1,,Hour07,64765.74,kWh,kWh,False,,0.06476573999999999
2026-06-07,Recurso,TRN1,,Hour08,64780.49,kWh,kWh,False,,0.06478049
2026-06-07,Recurso,TRN1,,Hour09,64769.34,kWh,kWh,False,,0.06476934
2026-06-07,Recurso,TRN1,,Hour10,64826.82,kWh,kWh,False,,0.06482682
2026-06-07,Recurso,TRN1,,Hour11,64776.15,kWh,kWh,False,,0.06477615
2026-06-07,Recurso,TRN1,,Hour12,64731.36,kWh,kWh,False,,0.06473136
2026-06-07,Recurso,TRN1,,Hour13,64848.17,kWh,kWh,False,,0.06484817
2026-06-07,Recurso,TRN1,,Hour14,64745.24,kWh,kWh,False,,0.06474524
2026-06-07,Recurso,TRN1,,Hour15,64710.2,kWh,kWh,False,,0.0647102
2026-06-07,Recurso,TRN1,,Hour16,64792.41,kWh,kWh,False,,0.06479241
2026-06-07,Recurso,TRN1,,Hour17,64796.81,kWh,kWh,False,,0.06479681
2026-06-07,Recurso,TRN1,,Hour18,64724.45,kWh,kWh,False,,0.06472444999999999
2026-06-07,Recurso,TRN1,,Hour19,64579.53,kWh,kWh,False,,0.06457953
2026-06-07,Recurso,TRN1,,Hour20,64494.25,kWh,kWh,False,,0.06449425
2026-06-07,Recurso,TRN1,,Hour21,64674.94,kWh,kWh,False,,0.06467494
2026-06-07,Recurso,TRN1,,Hour22,64735.33,kWh,kWh,False,,0.06473533
2026-06-07,Recurso,TRN1,,Hour23,64623.72,kWh,kWh,False,,0.06462372
2026-06-07,Recurso,TRN1,,Hour24,64689.74,kWh,kWh,False,,0.06468974
2026-06-07,Recurso,TSJ1,,Hour01,165327.53,kWh,kWh,False,,0.16532753
2026-06-07,Recurso,TSJ1,,Hour02,165519.99,kWh,kWh,False,,0.16551998999999998
2026-06-07,Recurso,TSJ1,,Hour03,165229.97,kWh,kWh,False,,0.16522997
2026-06-07,Recurso,TSJ1,,Hour04,165242.21,kWh,kWh,False,,0.16524220999999997
2026-06-07,Recurso,TSJ1,,Hour05,165398.45,kWh,kWh,False,,0.16539845
2026-06-07,Recurso,TSJ1,,Hour06,143003.42,kWh,kWh,False,,0.14300342000000002
2026-06-07,Recurso,TSJ1,,Hour07,64105.37,kWh,kWh,False,,0.06410537
2026-06-07,Recurso,TSJ1,,Hour08,51249.06,kWh,kWh,False,,0.05124905999999999
2026-06-07,Recurso,TSJ1,,Hour09,,kWh,kWh,False,,
2026-06-07,Recurso,TSJ1,,Hour10,,kWh,kWh,False,,
2026-06-07,Recurso,TSJ1,,Hour11,,kWh,kWh,False,,
2026-06-07,Recurso,TSJ1,,Hour12,,kWh,kWh,False,,
2026-06-07,Recurso,TSJ1,,Hour13,,kWh,kWh,False,,
2026-06-07,Recurso,TSJ1,,Hour14,15722.22,kWh,kWh,False,,0.01572222
2026-06-07,Recurso,TSJ1,,Hour15,45570.39,kWh,kWh,False,,0.045570389999999995
2026-06-07,Recurso,TSJ1,,Hour16,68210.4,kWh,kWh,False,,0.06821039999999999
2026-06-07,Recurso,TSJ1,,Hour17,144506.76,kWh,kWh,False,,0.14450676
2026-06-07,Recurso,TSJ1,,Hour18,165432.79,kWh,kWh,False,,0.16543279
2026-06-07,Recurso,TSJ1,,Hour19,165227.94,kWh,kWh,False,,0.16522794
2026-06-07,Recurso,TSJ1,,Hour20,165589.81,kWh,kWh,False,,0.16558981
2026-06-07,Recurso,TSJ1,,Hour21,165654.11,kWh,kWh,False,,0.16565410999999997
2026-06-07,Recurso,TSJ1,,Hour22,165422.33,kWh,kWh,False,,0.16542232999999998
2026-06-07,Recurso,TSJ1,,Hour23,165417.11,kWh,kWh,False,,0.16541710999999998
2026-06-07,Recurso,TSJ1,,Hour24,165135.76,kWh,kWh,False,,0.16513576
2026-06-07,Recurso,TSJ2,,Hour01,170389.76,kWh,kWh,False,,0.17038976
2026-06-07,Recurso,TSJ2,,Hour02,170124.46,kWh,kWh,False,,0.17012445999999998
2026-06-07,Recurso,TSJ2,,Hour03,170341.47,kWh,kWh,False,,0.17034147
2026-06-07,Recurso,TSJ2,,Hour04,168589.52,kWh,kWh,False,,0.16858952
2026-06-07,Recurso,TSJ2,,Hour05,168451.82,kWh,kWh,False,,0.16845182
2026-06-07,Recurso,TSJ2,,Hour06,167716.22,kWh,kWh,False,,0.16771622
2026-06-07,Recurso,TSJ2,,Hour07,137393.31,kWh,kWh,False,,0.13739331
2026-06-07,Recurso,TSJ2,,Hour08,102320.78,kWh,kWh,False,,0.10232078
2026-06-07,Recurso,TSJ2,,Hour09,101072.01,kWh,kWh,False,,0.10107200999999999
2026-06-07,Recurso,TSJ2,,Hour10,66622.62,kWh,kWh,False,,0.06662262
2026-06-07,Recurso,TSJ2,,Hour11,66620.02,kWh,kWh,False,,0.06662002
2026-06-07,Recurso,TSJ2,,Hour12,66536.83,kWh,kWh,False,,0.06653683
2026-06-07,Recurso,TSJ2,,Hour13,66478.38,kWh,kWh,False,,0.06647838
2026-06-07,Recurso,TSJ2,,Hour14,78844.66,kWh,kWh,False,,0.07884466
2026-06-07,Recurso,TSJ2,,Hour15,115102.28,kWh,kWh,False,,0.11510227999999999
2026-06-07,Recurso,TSJ2,,Hour16,149125.35,kWh,kWh,False,,0.14912535
2026-06-07,Recurso,TSJ2,,Hour17,170199.29,kWh,kWh,False,,0.17019929
2026-06-07,Recurso,TSJ2,,Hour18,170275.98,kWh,kWh,False,,0.17027598
2026-06-07,Recurso,TSJ2,,Hour19,170616.82,kWh,kWh,False,,0.17061682
2026-06-07,Recurso,TSJ2,,Hour20,170650.67,kWh,kWh,False,,0.17065067
2026-06-07,Recurso,TSJ2,,Hour21,170016.36,kWh,kWh,False,,0.17001635999999998
2026-06-07,Recurso,TSJ2,,Hour22,170483.17,kWh,kWh,False,,0.17048317000000002
2026-06-07,Recurso,TSJ2,,Hour23,169992.77,kWh,kWh,False,,0.16999277
2026-06-07,Recurso,TSJ2,,Hour24,170616.26,kWh,kWh,False,,0.17061626
