source,original_path,destination_path,name,size_bytes,modified,sha256,description,unit,period,granularity,reason
sddp_previous,D:\Proyectos\minenergia\sddp\README.md,,README.md,116,2026-06-03T10:42:39,9c6f75b626af08254474f063c9dd039fc2dc62010685d5ff0ade9e715ee285ea,Dato historico local proveniente del proyecto SDDP anterior.,no aplica/no documentada, a ,catalogo/documentacion,Auditar antecedentes y datos historicos descargados; no reutilizar parametros hardcoded.
sddp_previous,D:\Proyectos\minenergia\sddp\docs\dispatch_hidrotermico.md,,dispatch_hidrotermico.md,3084,2026-07-13T20:21:36,85d5cfe3acfa7250884d27ed66e77496f6d344d7c8a1263fca7252f8dd8b0a31,Dato historico local proveniente del proyecto SDDP anterior.,no aplica/no documentada, a ,catalogo/documentacion,Auditar antecedentes y datos historicos descargados; no reutilizar parametros hardcoded.
sddp_previous,D:\Proyectos\minenergia\sddp\data\aportes_2010_2026.csv,,aportes_2010_2026.csv,310578,2026-06-03T13:08:50,6ae4a6b8dd39b0304c28d39b28f7812839d0b63031245e838a76b15c377ab024,Dato historico local proveniente del proyecto SDDP anterior.,indice/valor Sistema; unidad hidrologica no documentada en archivo,2010-01-01 a 2026-06-01,diaria con columnas horarias en precios,Auditar antecedentes y datos historicos descargados; no reutilizar parametros hardcoded.
sddp_previous,D:\Proyectos\minenergia\sddp\data\generacion_2023_2026.csv,,generacion_2023_2026.csv,200787,2026-06-03T13:08:50,135899f209a7c9fd249da336e7b5a5671238cf6ebb2859f0eedeba5ac1316c72,Dato historico local proveniente del proyecto SDDP anterior.,kWh y GWh en columnas hidro/termo,2023-01-01 a 2026-05-31,diaria con columnas horarias en precios,Auditar antecedentes y datos historicos descargados; no reutilizar parametros hardcoded.
sddp_previous,D:\Proyectos\minenergia\sddp\data\listado_plantas.csv,,listado_plantas.csv,295973,2026-06-03T13:08:50,e288b026a7bacd8da81c2d3f8d7b0e71c2d42d0debe8891b4a0c774274865d57,Dato historico local proveniente del proyecto SDDP anterior.,no aplica/no documentada,2026-06-03 a 2026-06-03,catalogo/documentacion,Auditar antecedentes y datos historicos descargados; no reutilizar parametros hardcoded.
sddp_previous,D:\Proyectos\minenergia\sddp\data\precio_oferta_historical.csv,,precio_oferta_historical.csv,69253820,2026-07-05T11:18:26,398d8d38e86a169461cc727db6cb1e95725244a4d2307783c9129c36180b837a,Dato historico local proveniente del proyecto SDDP anterior.,COP/kWh segun archivos heredados; requiere confirmacion XM por metrica,2010-01-01 a 2026-06-30,diaria con columnas horarias en precios,Auditar antecedentes y datos historicos descargados; no reutilizar parametros hardcoded.
sddp_previous,D:\Proyectos\minenergia\sddp\data\precio_bolsa_2010_2026.csv,,precio_bolsa_2010_2026.csv,1678253,2026-06-03T13:08:50,6937a9330093e740068a7117f66bc4c814c772e7c05cd8e1f330c4b137f17990,Dato historico local proveniente del proyecto SDDP anterior.,COP/kWh segun archivos heredados; requiere confirmacion XM por metrica,2010-01-01 a 2026-05-31,diaria con columnas horarias en precios,Auditar antecedentes y datos historicos descargados; no reutilizar parametros hardcoded.
sddp_previous,D:\Proyectos\minenergia\sddp\data\sim_normal.npy,,sim_normal.npy,480128,2026-06-03T13:08:50,fd9b9e28b2f3f3fccc9d3fbccc60b708d580450efc4c28aa20813c6925d1572f,Dato historico local proveniente del proyecto SDDP anterior.,no aplica/no documentada, a ,catalogo/documentacion,Auditar antecedentes y datos historicos descargados; no reutilizar parametros hardcoded.
sddp_previous,D:\Proyectos\minenergia\sddp\data\sim_nino.npy,,sim_nino.npy,480128,2026-06-03T13:08:50,9fe3704b57ac934d0a8feebe94e79299b6bd0dff6ce8c2305a713ab4572b84ab,Dato historico local proveniente del proyecto SDDP anterior.,no aplica/no documentada, a ,catalogo/documentacion,Auditar antecedentes y datos historicos descargados; no reutilizar parametros hardcoded.
sddp_previous,D:\Proyectos\minenergia\sddp\data\embalses_historico.csv,,embalses_historico.csv,2,2026-06-03T10:51:34,7eb70257593da06f682a3ddda54a9d260d4fc514f645237f5ca74b08f8da61a6,Dato historico local proveniente del proyecto SDDP anterior.,no aplica/no documentada, a ,catalogo/documentacion,Auditar antecedentes y datos historicos descargados; no reutilizar parametros hardcoded.
embalses_manu,D:\Proyectos\minenergia\embalses_manu\README.md,,README.md,30881,2026-06-08T14:35:02,96a35f75fb77f7b6ad34b743225f0bcfef6dabdaa1d30689950e857f667f2d0a,Modelo/proyeccion de volumen util de embalses y escenarios ENOS.,volumen util en masa/porcentaje; sin conversion auditada a GWh, a ,mensual por embalse o sistema segun archivo,Auditar almacenamiento observado/proyectado y escenarios ENOS sin tratar volumen como aporte.
embalses_manu,D:\Proyectos\minenergia\embalses_manu\baseindices.parquet,,baseindices.parquet,383553,2026-06-05T15:16:04,eab7cf064ad18a2b62b380a976fa5cb36542a6ea5341f5907c903f6c0364c52c,Modelo/proyeccion de volumen util de embalses y escenarios ENOS.,volumen util en masa/porcentaje; sin conversion auditada a GWh,2013-01-01 a 2026-05-01,mensual por embalse o sistema segun archivo,Auditar almacenamiento observado/proyectado y escenarios ENOS sin tratar volumen como aporte.
embalses_manu,D:\Proyectos\minenergia\embalses_manu\resultados.parquet,,resultados.parquet,2161925,2026-06-05T16:47:29,085f01adae2e7f95386be47cb47153b19d8de6460637d284d31ea4a1675c3d3f,Modelo/proyeccion de volumen util de embalses y escenarios ENOS.,volumen util en masa/porcentaje; sin conversion auditada a GWh,2013-01-01 a 2027-05-01,mensual por embalse o sistema segun archivo,Auditar almacenamiento observado/proyectado y escenarios ENOS sin tratar volumen como aporte.
embalses_manu,D:\Proyectos\minenergia\embalses_manu\predicciones_multihorizonte.parquet,,predicciones_multihorizonte.parquet,285986,2026-06-05T16:59:35,23d716d432bb4876e4e6d67a4863f7b1a0ae1c3e822ddb4a5aa4cb0adc140779,Modelo/proyeccion de volumen util de embalses y escenarios ENOS.,volumen util en masa/porcentaje; sin conversion auditada a GWh,2020-01-01 a 2025-12-01,mensual por embalse o sistema segun archivo,Auditar almacenamiento observado/proyectado y escenarios ENOS sin tratar volumen como aporte.
embalses_manu,D:\Proyectos\minenergia\embalses_manu\predicciones_walkforward.parquet,,predicciones_walkforward.parquet,870285,2026-06-05T17:00:25,67ba50785634412d48ec5b77ed6f3f27bcb78bc3db2e8784d0ad82fe20699404,Modelo/proyeccion de volumen util de embalses y escenarios ENOS.,volumen util en masa/porcentaje; sin conversion auditada a GWh,2021-01-01 a 2025-12-01,mensual por embalse o sistema segun archivo,Auditar almacenamiento observado/proyectado y escenarios ENOS sin tratar volumen como aporte.
embalses_manu,D:\Proyectos\minenergia\embalses_manu\metricas_modelo.xlsx,,metricas_modelo.xlsx,265532,2026-06-05T16:47:35,f59ead934be7b4375ffd91205025e7c8be8fa1adae30df5bfe4dd30d9c36376f,Modelo/proyeccion de volumen util de embalses y escenarios ENOS.,volumen util en masa/porcentaje; sin conversion auditada a GWh, a ,mensual por embalse o sistema segun archivo,Auditar almacenamiento observado/proyectado y escenarios ENOS sin tratar volumen como aporte.
embalses_manu,D:\Proyectos\minenergia\embalses_manu\validacion_multihorizonte.xlsx,,validacion_multihorizonte.xlsx,420232,2026-06-05T16:59:36,6a89b28432b649d7e7053be1575a156b90a2d00ed1e9ae965878bf58d25c5449,Modelo/proyeccion de volumen util de embalses y escenarios ENOS.,volumen util en masa/porcentaje; sin conversion auditada a GWh, a ,mensual por embalse o sistema segun archivo,Auditar almacenamiento observado/proyectado y escenarios ENOS sin tratar volumen como aporte.
embalses_manu,D:\Proyectos\minenergia\embalses_manu\resultados.xlsx,,resultados.xlsx,3211309,2026-06-05T16:47:34,2715550322995574d67ed728b95c1109b58fa3cc8c369087a0aa5872f9193ee4,Modelo/proyeccion de volumen util de embalses y escenarios ENOS.,volumen util en masa/porcentaje; sin conversion auditada a GWh,2013-01-01 a 2027-05-01,mensual por embalse o sistema segun archivo,Auditar almacenamiento observado/proyectado y escenarios ENOS sin tratar volumen como aporte.
embalses_manu,D:\Proyectos\minenergia\embalses_manu\resultados_walkforward.xlsx,,resultados_walkforward.xlsx,1237550,2026-06-05T17:00:27,24bd7fe3380938e2e0c078ad7af9a7563fdd0510be6aa5f88be6bda60a080c10,Modelo/proyeccion de volumen util de embalses y escenarios ENOS.,volumen util en masa/porcentaje; sin conversion auditada a GWh, a ,mensual por embalse o sistema segun archivo,Auditar almacenamiento observado/proyectado y escenarios ENOS sin tratar volumen como aporte.
embalses_manu,D:\Proyectos\minenergia\embalses_manu\outputs\escenarios_con_probabilidad.xlsx,,escenarios_con_probabilidad.xlsx,7259,2026-06-08T14:48:48,a70ad7e274b3f68601e475fbceaa01fc5c274c38b139227621bc20a2711adfa0,Modelo/proyeccion de volumen util de embalses y escenarios ENOS.,volumen util en masa/porcentaje; sin conversion auditada a GWh,2026-06-01 a 2027-05-01,mensual por embalse o sistema segun archivo,Auditar almacenamiento observado/proyectado y escenarios ENOS sin tratar volumen como aporte.
embalses_manu,D:\Proyectos\minenergia\embalses_manu\outputs\escenarios_nacional.xlsx,,escenarios_nacional.xlsx,6655,2026-06-08T14:14:35,5d54f9d0a7c19bdb2ecc663fd84de45d9072fa9052f3a7fd732ae8f4aeba9ac2,Modelo/proyeccion de volumen util de embalses y escenarios ENOS.,volumen util en masa/porcentaje; sin conversion auditada a GWh,2026-06-01 a 2027-05-01,mensual por embalse o sistema segun archivo,Auditar almacenamiento observado/proyectado y escenarios ENOS sin tratar volumen como aporte.
embalses_manu,D:\Proyectos\minenergia\embalses_manu\outputs\escenarios_por_embalse.xlsx,,escenarios_por_embalse.xlsx,5793,2026-06-08T14:15:34,ff8dd3ad8fac21668742ae28d23fdddfe6d2ed26323a17351bd8031a6b7c9ac4,Modelo/proyeccion de volumen util de embalses y escenarios ENOS.,volumen util en masa/porcentaje; sin conversion auditada a GWh, a ,mensual por embalse o sistema segun archivo,Auditar almacenamiento observado/proyectado y escenarios ENOS sin tratar volumen como aporte.
embalses_manu,D:\Proyectos\minenergia\embalses_manu\outputs\metricas_multihorizonte.xlsx,,metricas_multihorizonte.xlsx,5410,2026-06-08T14:13:34,6f874eddeec5fb0b50cde7ae2bdc8e79a9cf5cd7fa36689845657bac26f82961,Modelo/proyeccion de volumen util de embalses y escenarios ENOS.,volumen util en masa/porcentaje; sin conversion auditada a GWh, a ,mensual por embalse o sistema segun archivo,Auditar almacenamiento observado/proyectado y escenarios ENOS sin tratar volumen como aporte.
embalses_manu,D:\Proyectos\minenergia\embalses_manu\outputs\metricas_walkforward.xlsx,,metricas_walkforward.xlsx,5539,2026-06-08T14:11:39,b6ce24be445dd929ac588f21f9a15b537ab366a206678a60194f27087fdec49b,Modelo/proyeccion de volumen util de embalses y escenarios ENOS.,volumen util en masa/porcentaje; sin conversion auditada a GWh, a ,mensual por embalse o sistema segun archivo,Auditar almacenamiento observado/proyectado y escenarios ENOS sin tratar volumen como aporte.
xm_validation,D:\Proyectos\minenergia\xm_validation-main\README.md,,README.md,936,2026-07-02T11:22:52,e7484c8dd3e1ab1571d47702283476e892a435961529eb4a65e02e9f72d8f3c9,Catalogo o documentacion local de metricas y entidades XM.,no aplica/no documentada, a ,catalogo/documentacion,"Auditar nombres oficiales, unidades, granularidad y codigos XM sin consultar API."
xm_validation,D:\Proyectos\minenergia\xm_validation-main\config\config.yaml,,config.yaml,0,2026-07-02T11:22:52,e3b0c44298fc1c149afbf4c8996fb92427ae41e4649b934ca495991b7852b855,Catalogo o documentacion local de metricas y entidades XM.,no aplica/no documentada, a ,catalogo/documentacion,"Auditar nombres oficiales, unidades, granularidad y codigos XM sin consultar API."
xm_validation,D:\Proyectos\minenergia\xm_validation-main\docs\BACKLOG.md,,BACKLOG.md,12468,2026-07-02T11:22:52,1a18098e21ce7b2b611ca05dd0de0566283ddc686eb2fb3970635541a4a1ac29,Catalogo o documentacion local de metricas y entidades XM.,no aplica/no documentada, a ,catalogo/documentacion,"Auditar nombres oficiales, unidades, granularidad y codigos XM sin consultar API."
xm_validation,D:\Proyectos\minenergia\xm_validation-main\data\catalogos\maestros\ListadoMetricas.xlsx,,ListadoMetricas.xlsx,15411,2026-07-02T11:22:52,d105a07e37f2a28ad1ef589fb50bb3547a580f7aa68a4a5ce6c5904ce1f2eac7,Catalogo o documentacion local de metricas y entidades XM.,segun MetricUnits del catalogo XM,2026-06-11 a 2026-06-11,catalogo/documentacion,"Auditar nombres oficiales, unidades, granularidad y codigos XM sin consultar API."
xm_validation,D:\Proyectos\minenergia\xm_validation-main\data\catalogos\maestros\ListadoRecursos.xlsx,,ListadoRecursos.xlsx,72246,2026-07-02T11:22:52,b2d290b33ee6c22631452bd0e9b2884395d911bdc0044a7654dda921c8286648,Catalogo o documentacion local de metricas y entidades XM.,no aplica/no documentada,2026-06-11 a 2026-06-11,catalogo/documentacion,"Auditar nombres oficiales, unidades, granularidad y codigos XM sin consultar API."
xm_validation,D:\Proyectos\minenergia\xm_validation-main\data\catalogos\maestros\ListadoEmbalses.xlsx,,ListadoEmbalses.xlsx,5597,2026-07-02T11:22:52,12b58a9949ce192ae4c7fe824ce14710f5688e988167bc5066aa35450b1273df,Catalogo o documentacion local de metricas y entidades XM.,no aplica/no documentada,2026-06-11 a 2026-06-11,catalogo/documentacion,"Auditar nombres oficiales, unidades, granularidad y codigos XM sin consultar API."
xm_validation,D:\Proyectos\minenergia\xm_validation-main\data\catalogos\metricas_candidatas_enos.xlsx,,metricas_candidatas_enos.xlsx,13584,2026-07-02T11:22:52,0e0a8fb4b5610d301433339c6c98a91c0e019a412868d176676ce5dbd42c68f8,Catalogo o documentacion local de metricas y entidades XM.,no aplica/no documentada,2026-06-11 a 2026-06-11,catalogo/documentacion,"Auditar nombres oficiales, unidades, granularidad y codigos XM sin consultar API."
